timestamp,chamber,plot,status,chamber_block,cos.1.pmol_mol,co2.1.umol_mol,co2.2.umol_mol,h2o.mmol_mol,co.nmol_mol,cos.2.pmol_mol,cos.mean.pmol_mol,co2.mean.umol_mol,temp.air.ambient.c,par.ambient.umol_m2_s,h2o.irga.ambient.mmol_mol,co2.irga.ambient.umol_mol,P.irga.kPa,par.ch4.umol_m2_s,par.ch16.umol_m2_s,temp.leaf.ch4.c,temp.air.ch4.c,temp.leaf.ch16.c,temp.air.ch16.c,temp.laserbox.c,pump.flow.ch4.slpm,pump.flow.ch16.slpm,day_night,par.current.chamber.umol_m2_s,temp.leaf.current.chamber.c,temp.air.current.chamber.c,pump.flow.current.chamber.slpm,leaf.area.m2,flag,h2o.calibrated.mmol_mol,co2.calibrated.umol_mol,cos.1.pmol_mol.sd,co2.1.umol_mol.sd,co2.2.umol_mol.sd,h2o.mmol_mol.sd,co.nmol_mol.sd,cos.2.pmol_mol.sd,cos.mean.pmol_mol.sd,co2.mean.umol_mol.sd,temp.air.ambient.c.sd,par.ambient.umol_m2_s.sd,h2o.irga.ambient.mmol_mol.sd,co2.irga.ambient.umol_mol.sd,P.irga.kPa.sd,par.ch4.umol_m2_s.sd,par.ch16.umol_m2_s.sd,temp.leaf.ch4.c.sd,temp.air.ch4.c.sd,temp.leaf.ch16.c.sd,temp.air.ch16.c.sd,temp.laserbox.c.sd,pump.flow.ch4.slpm.sd,pump.flow.ch16.slpm.sd,day_night.sd,par.current.chamber.umol_m2_s.sd,temp.leaf.current.chamber.c.sd,temp.air.current.chamber.c.sd,pump.flow.current.chamber.slpm.sd,flag.sd,h2o.calibrated.mmol_mol.sd,co2.calibrated.umol_mol.sd,cos.1.pmol_mol.ambient,cos.2.pmol_mol.ambient,co2.1.umol_mol.ambient,co2.2.umol_mol.ambient,h2o.mmol_mol.ambient,co.nmol_mol.ambient,cos.mean.pmol_mol.ambient,co2.mean.umol_mol.ambient,cos.1.pmol_mol.oc,cos.2.pmol_mol.oc,co2.1.umol_mol.oc,co2.2.umol_mol.oc,h2o.mmol_mol.oc,co.nmol_mol.oc,cos.mean.pmol_mol.oc,co2.mean.umol_mol.oc,flux.h2o.ch_amb.mmol_m2_s,flux.co2.ch_amb.umol_m2_s,flux.cos.ch_amb.pmol_m2_s,flux.co.ch_amb.nmol_m2_s,flux.h2o.ch_amb.proj_la.mmol_m2_s,flux.co2.ch_amb.proj_la.umol_m2_s,flux.cos.ch_amb.proj_la.pmol_m2_s,flux.co.ch_amb.proj_la.nmol_m2_s,flux.h2o.ch_oc.mmol_m2_s,flux.co2.ch_oc.umol_m2_s,flux.cos.ch_oc.pmol_m2_s,flux.co.ch_oc.nmol_m2_s,flux.h2o.ch_oc.proj_la.mmol_m2_s,flux.co2.ch_oc.proj_la.umol_m2_s,flux.cos.ch_oc.proj_la.pmol_m2_s,flux.co.ch_oc.proj_la.nmol_m2_s,VPD.Pa,cond.stomatal.ch_amb.cos,cond.total.ch_amb.cos,cond.internal.ch_amb.cos,LRU.ch_amb,cond.stomatal.ch_amb.proj_la.cos,cond.total.ch_amb.proj_la.cos,cond.internal.ch_amb.proj_la.cos,LRU.ch_amb.proj_la,cond.stomatal.ch_oc.cos,cond.total.ch_oc.cos,cond.internal.ch_oc.cos,LRU.ch_oc,cond.stomatal.ch_oc.proj_la.cos,cond.total.ch_oc.proj_la.cos,cond.internal.ch_oc.proj_la.cos,LRU.ch_oc.proj_la,cond.biochemical,cond.mesophyll
2020-08-15 00:01:40,16.0,control,oc,1,362.6213773965957,415.0799163848673,415.05938536933314,14.613711923076927,-0.6719810115384616,362.92117504376625,362.771276220181,415.06965087710023,,0.0,,,,,,,,,,,,,0.0,,,,4.5,0.07725715988542793,,15.927866662103865,414.6111043750333,4.792380892695828,0.29509162702544645,0.33966061291694927,0.022418614233574715,0.6458463030768595,4.642854959161264,4.718210295889978,0.3181575084039687,,0.0,,,,,,,,,,,,,0.0,,,,0.0,,0.027298192932075263,0.31237199320004283,348.0013075815739,347.73859079380316,412.92888962274117,412.92876472841596,14.617109230769229,-3.951820538461538,347.8699491876885,412.9288271755786,362.6213773965957,362.92117504376625,415.0799163848673,415.05938536933314,14.613711923076927,-0.6719810115384616,362.771276220181,415.06965087710023,-0.00013857867341119005,0.08599209609007473,0.5989030494413082,0.13183202831495625,-0.0004353577423328138,0.27015213734336635,1.8815094203373386,0.4141625316621082,,,,,,,,,,,-0.0017216291629668138,,8.267158767132475,,-0.005408657530582487,,8.267158767132473,,,,,,,,,,
2020-08-15 00:09:40,16.0,control,cc,3,353.9056137156989,413.32220199725236,413.33256419740036,14.650319230769231,-2.7531845000000006,353.91334157684923,353.90947764627407,413.32738309732633,,0.0,,,,0.0,0.0,,,,,,,,0.0,0.0,,,4.5,0.07725715988542793,,15.972441823516467,412.84258857043267,4.372496801950865,0.38111662945229274,0.36567073972586495,0.023324955206485934,0.786772518363078,4.450782697047674,4.411813396972355,0.37347354333120936,,0.0,,,,0.0,0.0,,,,,,,,0.0,0.0,,,0.0,,0.02840180578178142,0.372788659779737,348.0013075815739,347.73859079380316,412.92888962274117,412.92876472841596,14.617109230769229,-3.951820538461538,347.8699491876885,412.9288271755786,352.33528183860284,352.30540709961815,413.6939535823735,413.66956454084334,14.716127,-2.3453781715384623,352.3203444691105,413.68175906160843,0.0013546602665437733,0.016579130724939547,0.2432270184796351,0.04817321220675701,0.00425579074148391,0.05208487528837491,0.7641202144101704,0.15134060956856996,-0.0026846169588209266,-0.015354538608600338,0.06292855417575924,-0.016385271398176447,-0.008433972915534394,-0.048237705692039674,0.19769588349959255,-0.05147584825158608,,,-0.0006991895075949927,,17.41439331981161,,-0.002196568620527494,,17.41439331981161,,-0.00017861175252477214,,-4.812155275843864,,-0.0005611253695766224,,-4.812155275843864,,
2020-08-15 00:11:40,16.0,control,oc,5,349.7637579491046,413.34746288175006,413.3221093337209,14.741730769230768,-2.7637274615384624,349.65146511358114,349.7076115313429,413.33478610773545,,0.0,,,,0.0,0.0,,,,,,,,0.0,0.0,,,4.5,0.07725715988542793,,16.083749765530282,412.8501031104257,2.2646678942150786,0.1522588598479598,0.1811505895495088,0.02470387207270544,0.9233508136232181,2.271155885369388,2.2679142098783815,0.16732946019206432,,0.0,,,,0.0,0.0,,,,,,,,0.0,0.0,,,0.0,,0.030080854194818898,0.15607046641465608,348.0013075815739,347.73859079380316,412.92888962274117,412.92876472841596,14.617109230769229,-3.951820538461538,347.8699491876885,412.9288271755786,349.7637579491046,349.65146511358114,413.34746288175006,413.3221093337209,14.741730769230768,-2.7637274615384624,349.7076115313429,413.33478610773545,0.0050834039900449395,0.01841639673353147,0.0756322662059768,0.04773470790699419,0.015969984630354227,0.057856816683657525,0.23760577188704426,0.14996300768186757,,,,,,,,,,,-0.00021741534841565298,,4.8748442016230396,,-0.0006830304613602807,,4.8748442016230396,,,,,,,,,,
2020-08-15 01:01:40,4.0,irrigation,oc,11,376.4276502420323,418.7394087498679,418.6973314488007,15.48611269230769,10.136598923076921,376.1547391823627,376.29119471219747,418.71837009933427,,0.0,,,,0.0,0.0,,,,,,,,0.0,0.0,,,4.599999999999998,0.08140169489163362,,16.990151969501934,418.3147931454866,3.540127788822269,0.8684889951574696,0.8420663466282143,0.3627780170468733,0.8428644327555843,3.475369028008896,3.507897849284892,0.8553797013120603,,0.0,,,,0.0,0.0,,,,,,,,0.0,0.0,,,0.0,,0.44173935987665164,0.8640907033957904,378.32533748218026,378.2866848240109,418.65964677831926,418.6718717287454,15.46993520361991,8.64478417873303,378.3060111530956,418.6657592535323,376.4276502420323,376.1547391823627,418.7394087498679,418.6973314488007,15.48611269230769,10.136598923076921,376.29119471219747,418.71837009933427,0.0006407657138606058,0.002319865421061631,-0.07832684845380553,0.05817995614277647,0.0020130248593366986,0.007288072164124212,-0.24607105168131646,0.1827777228043229,,,,,,,,,,,0.0002070462698043348,,-37.365608781122766,,0.0006504550401704684,,-37.36560878112276,,,,,,,,,,
2020-08-15 01:09:40,4.0,irrigation,cc,13,369.3036701134758,421.3561664509142,421.3584870680546,17.93686576923077,12.197490000000004,369.31539572831196,369.30953292089384,421.3573267594844,,0.0,,,,0.0,0.0,17.572947581942966,17.72062145754161,17.50227585286936,17.324640974620532,26.57226671339895,,,0.0,0.0,17.572947581942966,17.72062145754161,4.599999999999998,0.08140169489163362,,19.974329743636073,420.9935068399667,3.4576105399778907,0.47711669958975716,0.45890130821262254,0.13267115632790585,1.0204534221295947,3.520118311265242,3.4890044118251744,0.4680976157313125,,0.0,,,,0.0,0.0,0.0015113661467507544,0.0013563868241073076,0.004010234161557703,0.004008293994398411,0.000643158217463508,,,0.0,0.0,0.0015113661467507544,0.0013563868241073076,0.0,,0.1615480236301446,0.47444745670546845,384.07293226968915,384.2929689514223,415.9145387103642,415.9165199562072,17.77519294117647,10.474829662895926,384.1829506105558,415.9155293332857,381.41870071555115,381.22966388338153,417.2600378843918,417.27629187361305,18.579553307692308,12.980061323076924,381.3241822994663,417.2681648790024,0.006418643871971536,0.2148765201495754,-0.5775339653155719,0.06724364530814894,0.02016476443419492,0.6750544971308452,-1.8143764626339827,0.21125214210067847,-0.025536532204041104,0.14880430325406102,-0.4782578161592689,-0.030848412006943143,-0.08022538197037471,0.46748250592550583,-1.5024912417678569,-0.09691314453592376,,,0.0015032784885371318,,-2.9097495987929993,,0.004722688655887821,,-2.9097495987929993,,0.0012542026925102731,,-3.5169604940560273,,0.003940193964902812,,-3.5169604940560273,0.08798794440491033,0.3759999850934585
2020-08-15 01:11:40,4.0,irrigation,oc,15,382.6664633339309,416.8901951680228,416.9210319798161,19.35291346153846,13.690926923076924,382.4983950586362,382.58242919628356,416.9056135739195,,0.0,,,,0.0,0.0,,,,,,,,0.0,0.0,,,4.599999999999998,0.08140169489163362,,21.698590784166512,416.4747266515145,5.668542930865479,0.5652996756704411,0.5918092870959937,0.2196931531740123,0.4326721272813323,5.665815175958848,5.667179217529236,0.5787062966679101,,0.0,,,,0.0,0.0,,,,,,,,0.0,0.0,,,0.0,,0.26751100753668483,0.585421326808893,385.50983096656637,385.79453998327523,415.22826169337543,415.22768201307264,18.35150737556561,10.932341033936652,385.6521854749208,415.227971853224,382.6664633339309,382.4983950586362,416.8901951680228,416.9210319798161,19.35291346153846,13.690926923076924,382.58242919628356,416.9056135739195,0.03978060336026001,0.08193889619032338,-0.10436593483010846,0.10800798760695124,0.12497445127196226,0.2574186343147766,-0.3278752541472998,0.3393171003950154,,,,,,,,,,,0.00027062191985657873,,-1.3713852168580138,,0.0008501838353217933,,-1.3713852168580138,,,,,,,,,,
2020-08-15 02:01:40,16.0,control,oc,21,402.13735326453764,407.9121464519709,407.8834610456515,23.29641,-11.998610538461538,402.35889318934426,402.24812322694095,407.89780374881116,,0.0,,,,0.0,0.0,,,,,,,,0.0,0.0,,,4.5,0.07725715988542793,,26.500418774616982,407.3312102383203,2.583233913466278,0.24065775934970268,0.2183947888355104,0.01085981730969701,1.2273699165749252,2.777471660216559,2.6821116937022245,0.22979604100781043,,0.0,,,,0.0,0.0,,,,,,,,0.0,0.0,,,0.0,,0.01322353759418481,0.2246230589130149,402.8781380189755,402.94316688342997,408.0237768576996,408.0379749962704,22.852031108597288,-12.882417325791854,402.91065245120274,408.030875926985,402.13735326453764,402.35889318934426,407.9121464519709,407.8834610456515,23.29641,-11.998610538461538,402.24812322694095,407.89780374881116,0.018279302587229377,0.0021097513646310753,-0.019265099276825595,0.035288682443807604,0.05742612272078471,0.006627979388026026,-0.06052309435875332,0.1108626655203291,,,,,,,,,,,4.7814817403366686e-05,,-9.247498143363536,,0.00015021467908715415,,-9.247498143363536,,,,,,,,,,
2020-08-15 02:09:40,16.0,control,cc,23,395.4368639925334,407.9306187255627,407.90107114551404,23.078079230769227,-12.001134230769232,395.2364782829934,395.3366711377634,407.91584493553836,,0.0,,,,0.0,0.0,,,,,,,,0.0,0.0,,,4.5,0.07725715988542793,,26.234566684056283,407.349523223403,2.6171563936222992,0.3289683192562213,0.3161748667509764,0.024231348443379506,0.4421788306934025,2.678391132791958,2.6479507783280893,0.3226350116147198,,0.0,,,,0.0,0.0,,,,,,,,0.0,0.0,,,0.0,,0.029505482271116434,0.3144610901659037,395.05364362886746,394.923138892904,409.386974481883,409.41068260049985,22.40846169683258,-12.003065090497737,394.98839126088575,409.39882854119145,395.3238637578832,395.31320059690796,408.157493699144,408.0972704612703,23.179579538461542,-11.813902415384616,395.3185321773956,408.12738208020716,0.0275318831579316,-0.04833625062764216,0.024873706648675838,-0.00025285706143436833,0.08649396186845046,-0.15185280987387564,0.07814305407502761,-0.0007943738866105145,-0.004176564216724569,-0.010207198098737774,-0.0009219869546183491,-0.007476346015172506,-0.013121063460507914,-0.03206685856073029,-0.0028965074433346307,-0.02348763371696127,,,-6.297325997170132e-05,,-0.5333715074518189,,-0.00019783633089969708,,-0.5333715074518189,,2.3322634270143853e-06,,0.09325385454275652,,7.327021648544545e-06,,0.0932538545427565,,
2020-08-15 02:11:40,16.0,control,oc,25,393.6204913812196,408.2188305109373,408.15072281517496,23.15037192307693,-11.767725384615385,393.5517774487989,393.58613441500927,408.18477666305614,,0.0,,,,0.0,0.0,,,,,,,,0.0,0.0,,,4.5,0.07725715988542793,,26.32259442036654,407.6225065248192,4.925382780753748,0.6170980709372809,0.6067485497331906,0.020753307402769997,0.4289313198285317,4.871893873441746,4.898711333147971,0.6119451902572008,,0.0,,,,0.0,0.0,,,,,,,,0.0,0.0,,,0.0,,0.025270419641326355,0.6053002906614399,393.0975200313405,392.9181318952725,409.72777388792883,409.7538595015572,22.2975693438914,-11.783227031674208,393.0078259633065,409.74081669474305,393.6204913812196,393.5517774487989,408.2188305109373,408.15072281517496,23.15037192307693,-11.767725384615385,393.58613441500927,408.18477666305614,0.035059712040191225,-0.04817884216167379,0.03702355512328928,0.0002099642681187135,0.11014333378243837,-0.15135829659357655,0.11631292878510235,0.0006596222022381078,,,,,,,,,,,-9.42056434437161e-05,,-0.8011794296000779,,-0.00029595575736947793,,-0.801179429600078,,,,,,,,,,
2020-08-15 03:01:40,4.0,irrigation,oc,31,392.41042215941445,411.0853970067632,411.0641972022614,22.864047692307686,-10.453846153846152,391.9935479240051,392.2019850417098,411.0747971045123,,0.0,,,,0.0,0.0,,,,,,,,0.0,0.0,,,4.599999999999998,0.08140169489163362,,25.973949583926967,410.5560663860924,4.7497816065032765,0.48366311478455254,0.4695866791624276,0.013016818446209064,0.6098570752575189,4.903837169822723,4.827423966134101,0.47667686006869053,,0.0,,,,0.0,0.0,,,,,,,,0.0,0.0,,,0.0,,0.01585002612579877,0.47325286503696445,401.9469750923401,401.82008009279303,411.3470963574852,411.32567638822417,22.43134511312217,-10.040361436651581,401.88352759256657,411.3363863728547,392.41042215941445,391.9935479240051,411.0853970067632,411.0641972022614,22.864047692307686,-10.453846153846152,392.2019850417098,411.0747971045123,0.017260737964513974,-0.0031008969820583484,-0.3706020901398257,-0.016297445731722017,0.05422620758485554,-0.009741755178373267,-1.1642808037882986,-0.05119993578305622,,,,,,,,,,,0.0009221629270546906,,122.32562650627047,,0.002897060277047876,,122.32562650627047,,,,,,,,,,
2020-08-15 03:09:40,4.0,irrigation,cc,33,379.3444926414756,413.8988471547079,413.86310320458625,22.73471307692307,-9.529924730769231,379.31029490782726,379.32739377465145,413.88097517964707,,0.0,,,,0.0,0.0,,,,,,,,0.0,0.0,,,4.599999999999998,0.08140169489163362,,25.816464324277106,413.40452075918773,4.571925199675843,0.3449455678841069,0.33574818969012893,0.015069847184156352,0.48102429205490677,5.151614130518987,4.870401840772171,0.34037794558629075,,0.0,,,,0.0,0.0,,,,,,,,0.0,0.0,,,0.0,,0.018349911890354436,0.34020286978143255,408.2356433214803,408.3615546265014,412.04837965279637,412.0166837481586,22.797276334841627,-9.783198414027149,408.29859897399086,412.0325317004775,398.42790063487377,398.4284379600726,412.8063247780831,412.77013443147007,22.90858584615384,-9.843121292307693,398.4281692974732,412.7882296047766,-0.0024966164674861597,0.07105273035143095,-1.1307728914645454,0.009901019079802837,-0.00784335195308582,0.22321873568955197,-3.552427808703504,0.031104968804160964,-0.006939265712301491,0.039747972890981115,-0.7476136361337874,0.012281635079108417,-0.02180034618307391,0.12487193962939254,-2.348697507001459,0.038583894538597695,,,0.0027694753161192627,,-16.060099595590263,,0.008700563307418545,,-16.060099595590263,,0.0018764075779381113,,-19.48675380851456,,0.005894908261990587,,-19.48675380851456,,
2020-08-15 03:11:40,4.0,irrigation,oc,35,399.9322702537386,413.23655672091303,413.1966187387722,22.91972038461538,-9.690440076923078,400.03716046908943,399.98471536141403,413.2165877298426,20.28928168831169,0.0,25.864280851795264,409.1819458747135,93.2214125,0.0,0.0,,,,,,,,0.0,0.0,,,4.599999999999998,0.08140169489163362,,26.04173985320185,412.7301240223611,4.013808654188271,0.7798939522820565,0.7571726035908013,0.007651172187720468,0.6393982884399944,3.9360025946962085,3.9750959949347098,0.7686172416861983,0.010295681641420798,0.0,0.01794313415809866,0.3431365695029124,0.0027249999999992744,0.0,0.0,,,,,,,,0.0,0.0,,,0.0,,0.0093165069152281,0.7758985864738148,409.8078103787654,409.9969232599285,412.2237004766242,412.18943558814215,22.88875914027149,-9.718907658371041,409.9023668193469,412.2065680323832,399.9322702537386,400.03716046908943,413.23655672091303,413.1966187387722,22.91972038461538,-9.690440076923078,399.98471536141403,413.2165877298426,0.0012356388105981913,0.039895801894190314,-0.38623964620019874,0.0010981052871181732,0.0038818738098657067,0.12533635813986205,-1.2134076350276652,0.003449799502878564,,,,,,,,,,,0.0009422723005901137,,-9.735631638846439,,0.002960235737215055,,-9.735631638846439,,,,,,,,,,
2020-08-15 04:01:40,16.0,control,oc,41,392.75628883592407,417.72950920691125,417.7198439976752,23.203997307692312,-3.051773653846155,392.1554061293792,392.4558474826516,417.72467660229324,,0.0,,,,0.0,0.0,,,,,,,,0.0,0.0,,,4.5,0.07725715988542793,,26.387891770150777,417.30612922203716,3.986018190753467,0.2956900600434504,0.32708212354797134,0.005646857219864638,0.40814622806704376,3.3841688004678496,3.6973598341977443,0.3117814355868143,,0.0,,,,0.0,0.0,,,,,,,,0.0,0.0,,,0.0,,0.006875937836376532,0.3073075496538286,393.877152747966,393.7899973332386,417.0190050607319,417.01764544262176,23.22808013574661,-4.300710975113122,393.83357504060234,417.01832525167686,392.75628883592407,392.1554061293792,417.72950920691125,417.7198439976752,23.203997307692312,-3.051773653846155,392.4558474826516,417.72467660229324,-0.0009910164268897808,0.027978161065739415,-0.05576735360968121,0.050204662120325504,-0.003113369926303742,0.08789598526507893,-0.17519830841031875,0.15772259769317237,,,,,,,,,,,0.00014160131879038465,,-2.1105870638404807,,0.0004448536628504988,,-2.110587063840481,,,,,,,,,,
2020-08-15 04:09:40,16.0,control,cc,43,400.5336035545548,418.17462452446375,418.10189976751576,23.09154923076923,-1.3460427653846154,400.2383084621712,400.385956008363,418.13826214598976,,0.0,,,,0.0,0.0,,,,,,,,0.0,0.0,,,4.5,0.07725715988542793,,26.250968530083167,417.72594561253305,4.9420792524677,0.670399167909423,0.6116547916013877,0.006060497618563206,0.48801876590690396,4.907214168228311,4.924677564599147,0.6416995513566235,,0.0,,,,0.0,0.0,,,,,,,,0.0,0.0,,,0.0,,0.007379610154857746,0.6467666704619125,407.16833735143985,407.2762818824931,417.4974692960509,417.5016135599331,23.21072375565611,-2.9990101063348416,407.22230961696647,417.49954142799197,400.6852762966399,400.4544907194533,417.66437399609015,417.6426351315651,23.142859769230775,-1.980953278461539,400.56988350804664,417.6535045638276,-0.004903984407387904,0.023625642974193384,-0.2767807661395252,0.06645488817450913,-0.015406321387568733,0.07422214640406127,-0.869532421558887,0.20877418848416915,-0.0021112616130151652,0.018602808510526234,-0.008238580067605172,0.02552408727827846,-0.00663272397325458,0.058442446552806906,-0.02588226261639971,0.08018628508302432,,,0.0006796797709827472,,-12.010932062807395,,0.002135276975312992,,-12.010932062807393,,2.0567147972919624e-05,,-0.46175508525565706,,6.46136009770185e-05,,-0.461755085255657,,
2020-08-15 04:11:40,16.0,control,oc,45,402.6675231618189,417.64809019338486,417.62333291503757,23.12757538461539,-1.7132481846153849,402.52926186697186,402.5983925143954,417.6357115542112,,0.0,,,,0.0,0.0,,,,,,,,0.0,0.0,,,4.5,0.07725715988542793,,26.294836045177824,417.2158238766612,4.41294776796731,0.30642067266199,0.29864851719329966,0.0068223346331111705,0.8071049885618098,4.137965874523636,4.277666979881079,0.30255955236645815,,0.0,,,,0.0,0.0,,,,,,,,0.0,0.0,,,0.0,,0.008307266681228458,0.29317608737216766,410.49113350230834,410.64785301980675,417.61708535488066,417.6226055892609,23.206384660633486,-2.6735848891402716,410.5694932610575,417.6198454720708,402.6675231618189,402.52926186697186,417.64809019338486,417.62333291503757,23.12757538461539,-1.7132481846153849,402.5983925143954,417.6357115542112,-0.003242956028605794,-0.0007165936981411801,-0.32172579683849495,0.0386089154420158,-0.010188046835382695,-0.0022512454976890734,-1.010731399818138,0.12129348511570638,,,,,,,,,,,0.0007836086268443916,,456.6751207863161,,0.002461779105383926,,456.67512078631603,,,,,,,,,,
2020-08-15 05:01:40,4.0,irrigation,oc,51,386.5210025758789,412.50007905790983,412.51638783948005,23.29215115384615,-8.769802692307694,386.6838127886988,386.60240768228886,412.5082334486949,,,,,,0.0,0.0,,,,,,,,0.0,0.0,,,4.599999999999998,0.08140169489163362,,26.4952329588139,412.01109807468004,3.1992601028261642,0.23867020602129146,0.24978538375758177,0.008436548264271575,0.6794850266982938,3.1618158951067574,3.1805931019296563,0.24429102028233468,,,,,,0.0,0.0,,,,,,,,0.0,0.0,,,0.0,,0.010272825956115806,0.24220113073494012,396.7187781890402,397.37977547249517,413.3055865491606,413.26604789707284,23.110553529411764,-8.053015723981899,397.0492768307677,413.2858172231167,386.5210025758789,386.6838127886988,412.50007905790983,412.51638783948005,23.29215115384615,-8.769802692307694,386.60240768228886,412.5082334486949,0.00724906324143232,-0.02732651808667784,-0.40450513654200104,-0.028010013613208602,0.02277360382469159,-0.08584878846929571,-1.2707903652996866,-0.08799605299420624,,,,,,,,,,,0.0010187781722479027,,15.407984586657427,,0.0032005860215716473,,15.407984586657427,,,,,,,,,,
2020-08-15 05:09:40,4.0,irrigation,cc,53,371.3833286842716,414.23091296364794,414.2318798874564,23.454355769230766,-9.572942730769231,371.37419144555076,371.37876006491115,414.23139642555213,,,,,,0.0,0.0,20.313004423076922,20.438556538461533,20.457425769230767,20.30811961538462,26.649188269230763,,,0.0,0.0,20.313004423076922,20.438556538461533,4.599999999999998,0.08140169489163362,,26.69274261927323,413.76022125416637,3.2280695871852965,0.2943779123822806,0.29961605161485555,0.007241547444062615,1.1514586109407685,3.560660807922028,3.3984363057723033,0.29700852991439947,,,,,,0.0,0.0,0.03897029969930696,0.02420808545793029,0.041200622123757275,0.016929553858450623,0.04842168704087684,,,0.0,0.0,0.03897029969930696,0.02420808545793029,0.0,,0.008817724289074966,0.29899618316420123,390.55143919349814,390.7174978303,411.64650455178383,411.63549204797636,23.059798416289592,-10.180886927601808,390.63446851189906,411.6409982998801,383.23899044789187,383.289156158381,412.4375352028956,412.45563923967035,23.268583769230773,-10.101723769230768,383.26407330313646,412.446587221283,0.015749229197626894,0.1074975149608643,-0.7447383691354807,0.02354689147484322,0.04947766274696651,0.3377134032802101,-2.33966458932247,0.07397474127224357,0.007416896920372944,0.07265902586823983,-0.460633930534556,0.020545283372336097,0.0233008688774764,0.228265061884653,-1.4471241721615522,0.06454491130845161,,,0.0019064840129764313,,-7.300512785156853,,0.0059893961693531445,,-7.300512785156854,,0.0012018708838650396,,-6.822380817899769,,0.0037757887393138805,,-6.822380817899769,0.08800154035022385,0.3720581665657498
2020-08-15 05:11:40,4.0,irrigation,oc,55,382.4184874158951,412.4218992391421,412.4404520897179,23.26269192307693,-10.434704038461536,382.44049200080156,382.42948970834834,412.43117566443,,,,,,39.957283333333336,0.0,,,,,,,,0.0,39.957283333333336,,,4.599999999999998,0.08140169489163362,,26.459361706612928,411.9328793812492,4.492230266577493,0.42074695181271027,0.4249330933382006,0.00809264012259339,0.3919974071292289,4.795427374474879,4.646302641446095,0.4228452029251716,,,,,,3.4927365844598253,0.0,,,,,,,,0.0,3.4927365844598253,,,0.0,,0.009854063640812183,0.4264960917644539,389.00960444461265,389.05192841975116,411.23173405243966,411.22785308570224,23.047109638009047,-10.712854728506786,389.0307664321819,411.2297935690709,382.4184874158951,382.44049200080156,412.4218992391421,412.4404520897179,23.26269192307693,-10.434704038461536,382.42948970834834,412.43117566443,0.008605113287603978,0.05038746034632917,-0.254074003533862,0.010754506094976116,0.027033760687644567,0.15829687525707473,-0.7981970229701281,0.03378627734096362,,,,,,,,,,,0.0006530948846642278,,-5.330137156258812,,0.0020517580917582116,,-5.330137156258812,,,,,,,,,,
2020-08-15 06:01:40,16.0,control,oc,61,363.89465516968636,406.49955134471105,406.51003038148576,23.020065384615386,-14.498511538461539,364.06226946278287,363.97846231623464,406.5047908630984,,,,,,21.458378423076923,61.64836999999996,,,,,,,,0.0,61.64836999999996,,,4.5,0.07725715988542793,,26.16392569132857,405.91721100525444,5.531766513592048,0.41688241558035594,0.42361015138608066,0.011269836283024142,0.4359134775038944,5.5863429875941355,5.559121726313451,0.4202597463340087,,,,,,15.601240308360145,0.0,,,,,,,,0.0,0.0,,,0.0,,0.01372280025703462,0.4143348777876909,389.2726705874288,389.234833223892,408.24038224726627,408.2561613536622,22.822065633484158,-13.895001063348415,389.25375190566035,408.24827180046424,363.89465516968636,364.06226946278287,406.49955134471105,406.51003038148576,23.020065384615386,-14.498511538461539,363.97846231623464,406.5047908630984,0.008144370595065528,-0.06675340380100181,-1.0127571756608644,-0.024370962459242994,0.025586294829570592,-0.2097120029833403,-3.1816705029265195,-0.07656363662287044,,,,,,,,,,,0.002601791686535411,,15.911952037372451,,0.008173769648590646,,15.911952037372448,,,,,,,,,,
2020-08-15 06:09:40,16.0,control,cc,63,379.5890941843664,406.6783516723027,406.68270282944104,23.096142692307694,-14.309437307692304,379.6907692571344,379.6399317207504,406.6805272508719,,,,,,41.09892000000001,47.948740000000015,,,,,,,,0.0,47.948740000000015,,,4.5,0.07725715988542793,,26.256561792806558,406.0955949384415,3.8328440425140675,0.31305933243994977,0.3276402192183905,0.007122462808716194,0.6195045487003805,3.8510513335044294,3.841958473716356,0.32043272217208246,,,,,,0.0,0.0,,,,,,,,0.0,0.0,,,0.0,,0.008672719994113716,0.320557193819309,386.2352881420544,386.244213734992,407.11508200670096,407.11912152050405,23.01276047511312,-14.753200701357466,386.23975093852323,407.11710176360253,375.7416418078083,375.45164204509507,406.5491577591673,406.5496194652859,23.148543846153842,-14.278940461538463,375.5966419264517,406.5493886122266,0.00343044990907026,-0.016151295542055757,-0.2639513986970666,0.01778623366152351,0.010777076232842903,-0.05074079142087995,-0.8292277750514548,0.05587710100607375,-0.0021561494315959617,0.004394469610824324,0.16170813316882912,-0.001195017681972612,-0.006773743214343682,0.013805633445789296,0.5080210831889136,-0.0037542587705950625,,,0.0006833874505554945,,17.2257833761587,,0.0021469249942205997,,17.225783376158695,,-0.00043053668515091346,,39.8306147554415,,-0.0013525708871710118,,39.8306147554415,,
2020-08-15 06:11:40,16.0,control,oc,65,378.7033884673388,406.5615593627814,406.55951673623593,23.180663461538458,-14.224047692307694,378.29898519067314,378.501186829006,406.56053804950864,,,,,,38.24482833333333,55.65478041666667,20.178681730769235,20.631547500000003,20.405760961538462,20.38156692307692,26.68321980769231,,,0.0,55.65478041666667,20.405760961538462,20.38156692307692,4.5,0.07725715988542793,,26.359479138240577,405.97379804736886,3.140608750449622,0.14791230184367402,0.15867095905721051,0.007726098597510649,0.3861895345791514,3.316305871357243,3.2296522998458563,0.15338598743827467,,,,,,1.7463682922299013,2.619551163590001,0.011518917565665683,0.02898327739404283,0.05150703532565869,0.03061450378748409,0.04120413548372898,,,0.0,2.619551163590001,0.05150703532565869,0.03061450378748409,0.0,,0.009407741617286303,0.15364817733038905,385.4759425307108,385.496558862767,406.8337569465597,406.83486156221454,23.060434185520357,-14.967750610859728,385.4862506967389,406.8343092543871,378.7033884673388,378.29898519067314,406.5615593627814,406.55951673623593,23.180663461538458,-14.224047692307694,378.501186829006,406.56053804950864,0.004946625906111477,-0.008991637124485268,-0.2788542311958512,0.0298187204784387,0.015540283606696771,-0.028248061134028172,-0.8760464041473157,0.09367827319451054,,,,,,,,,,,0.0007233830796606676,,32.730085908232894,,0.0022725749687931133,,32.73008590823289,,,,,,,,,0.0660014971468551,0.2788562196714228
2020-08-15 07:01:40,4.0,irrigation,oc,71,382.02325186929187,404.8873388460319,404.88661768202473,23.318832692307694,-20.164266923076923,381.98639800099124,382.0048249351415,404.88697826402836,,,,,,83.05405749999998,94.75584041666667,,,,,,,,0.0,83.05405749999998,,,4.599999999999998,0.08140169489163362,,26.527721933246433,404.27502535299567,4.444649110503637,0.7053999850193099,0.7079932464595319,0.07345781344732426,0.3990124426207203,4.309740383635079,4.377714465896321,0.7066978052525528,,,,,,2.619552438344898,3.4927378592146794,,,,,,,,0.0,2.619552438344898,,,0.0,,0.0894464547612509,0.71313657185303,390.69699648846694,390.4405523476185,405.3599598280611,405.34925517573095,23.057460022624433,-19.115663506787328,390.5687744180427,405.35460750189606,382.02325186929187,381.98639800099124,404.8873388460319,404.88661768202473,23.318832692307694,-20.164266923076923,382.0048249351415,404.88697826402836,0.01043297811372981,-0.014006491475890646,-0.32988273449791605,-0.04109049734892413,0.03277616739715667,-0.044002690723226115,-1.0363571752447651,-0.12908960460373092,,,,,,,,,,,0.0008446213729949344,,24.443749223522335,,0.00265345630046581,,24.443749223522328,,,,,,,,,,
2020-08-15 07:09:40,4.0,irrigation,cc,73,339.480671547742,396.85447023935325,396.859445868118,24.567912692307694,-16.484574615384613,339.4277487423805,339.45421014506127,396.85695805373564,,,,,,53.08610208333333,72.49391833333334,,,,,,,,0.0,53.08610208333333,,,4.599999999999998,0.08140169489163362,,28.04867351715523,396.1240293820954,6.334091470094088,0.6318067833525296,0.6375447941219916,0.012538586063090568,0.9947018228684644,6.319717720276207,6.32690867705121,0.6346822732684138,,,,,,5.239103601934832,1.7463682922298673,,,,,,,,0.0,5.239103601934832,,,0.0,,0.015267702895437989,0.6432701383871491,380.2789237217846,380.34886527946486,404.9913552007509,404.98422816651237,22.912255497737558,-17.378765226244344,380.31389450062477,404.98779168363166,372.53552262924205,372.17191541256244,404.0654310472367,404.05166608105253,22.819154230769232,-17.430581692307694,372.35371902090225,404.05854856414464,0.06607756005657935,-0.29030725253426337,-1.5682233302227022,0.03372127634813162,0.20758877724088803,-0.9120271318454786,-4.926718893415762,0.10593851404496153,0.0697865978687292,-0.25263346502485934,-1.2569553280168706,0.03567382308873297,0.21924106318342476,-0.7936714377730321,-3.9488416243883484,0.11207262054102546,,,0.0041234973344370564,,5.752409093844144,,0.012954348932964552,,5.752409093844146,,0.0033757023599012607,,5.39905271770723,,0.010605081734571526,,5.399052717707228,,
2020-08-15 07:11:40,4.0,irrigation,oc,75,370.1635903192296,403.8599540975379,403.8429281808095,22.694234615384616,-16.747160384615388,369.71829476545525,369.94094254234244,403.85144113917374,,,,,,55.940193749999985,77.06046791666667,,,,,,,,0.0,55.940193749999985,,,4.599999999999998,0.08140169489163362,,25.76717542349324,403.22388740920945,3.9860351880036973,0.48438108314497347,0.512004679917879,0.07120747001436045,0.5321786748713695,3.6287738800931693,3.811592606303178,0.49838430250485793,,,,,,3.4927353097049414,5.239103601934878,,,,,,,,0.0,3.4927353097049414,,,0.0,,0.08670630728574313,0.49203305235510575,377.6744055301141,377.8259435124265,404.89920404392336,404.89297141420775,22.87595436651584,-16.944540656108597,377.75017452127025,404.8960877290656,370.1635903192296,369.71829476545525,403.8599540975379,403.8429281808095,22.694234615384616,-16.747160384615388,369.94094254234244,403.85144113917374,-0.007252196719227502,-0.0436731507636083,-0.3072662825277816,0.007819874488594475,-0.02278344793551312,-0.13720324959807126,-0.9653054958851243,0.024566860245362643,,,,,,,,,,,0.0008134113582268646,,7.541179669933027,,0.002555407147352013,,7.541179669933029,,,,,,,,,,
2020-08-15 08:01:40,16.0,control,oc,81,388.79911573790895,403.04488567314814,403.0540553339322,22.26257461538461,-20.08378384615385,388.5165016557338,388.65780869682135,403.0494705035402,,,,,,71.35228166666667,84.19569416666667,,,,,,,,0.0,84.19569416666667,,,4.5,0.07725715988542793,,25.24156140300611,402.4098347357867,3.1920249406780266,1.3921015811218693,1.324141631058666,0.1477993407354932,0.44802200926362473,2.9999821428601727,3.0974922178587048,1.35854662622685,,,,,,1.7463682922298673,0.873184146114975,,,,,,,,0.0,0.873184146114975,,,0.0,,0.17996897027598144,1.3525105800822435,394.66515025599045,394.98971584064014,404.4177909279796,404.42680322665365,21.796377375565616,-19.679506380090494,394.8274330483153,404.4222970773166,388.79911573790895,388.5165016557338,403.04488567314814,403.0540553339322,22.26257461538461,-20.08378384615385,388.65780869682135,403.0494705035402,0.01915609426679558,-0.04743291385617053,-0.24042155956471156,-0.016626709491271856,0.06018064502003855,-0.14901489370890283,-0.7553066052930988,-0.05223434839115136,,,,,,,,,,,0.0006089282036673754,,5.191840915130447,,0.0019130043712050561,,5.191840915130448,,,,,,,,,,
2020-08-15 08:09:40,16.0,control,cc,83,403.0284932162367,401.125159172567,401.24200385712777,22.65562807692307,-24.977461153846143,403.48932241462956,403.25890781543313,401.1835815148474,25.634346184640524,93.12984353758169,24.71748401960784,403.7979822712418,,89.9038775,95.89746999999994,,,,,,,,0.15384615384615385,95.89746999999994,,,4.5,0.07725715988542793,,25.72016588381418,400.5158353147781,4.008392501304352,2.9933145188789725,2.7965231476503365,0.4289642850869445,0.8818284355103407,3.9201199898165586,3.964501934611228,2.896590540987438,0.0003737766443978466,0.03156922305982346,0.00011568322805613256,0.0004039631322441674,,2.619552438344898,0.0,,,,,,,,0.36794648440311994,0.0,,,0.0,,0.5223315631050751,2.904106781258194,398.409941394061,398.3779025669769,404.3021563201261,404.3121184792474,21.260129954751132,-23.408768823529414,398.39392198051894,404.3071373996868,400.96968191453453,400.9406500917509,403.6653316733595,403.6364883361514,22.210196153846155,-24.00911892307692,400.9551660031427,403.6509100047555,0.057309749576470406,-0.10237899841962064,0.21837748574838858,-0.06439434058995352,0.1800438882485102,-0.32163310931696126,0.6860531049365474,-0.20230078733015705,0.018310591292417484,-0.09178192619240977,0.09993945594387772,-0.03936164434105823,0.05752441908714401,-0.28834142505839516,0.313969060597047,-0.12365825269508278,,,-0.0005481446219429699,,-2.1646898914799606,,-0.0017220471174007887,,-2.164689891479961,,-0.0002492534438204355,,-1.0962003478660747,,-0.0007830527879882363,,-1.0962003478660745,,
2020-08-15 08:11:40,16.0,control,oc,85,404.01232345869096,403.82044317341234,403.7820965867062,22.197101538461542,-24.990452692307688,404.0466872007552,404.02950532972307,403.8012698800593,,,,,,67.6419625,105.60137458333332,,,,,,,,0.0,105.60137458333332,,,4.5,0.07725715988542793,,25.161837622263853,403.1729602981703,2.7472641899575936,0.31055005074565756,0.3719622296572597,0.07986920581512255,0.6977864286473767,2.391478088911025,2.575522080973572,0.34263481602847257,,,,,,2.6195524383448943,1.746367017474985,,,,,,,,0.0,1.746367017474985,,,0.0,,0.09725333452624967,0.326322060546994,399.3461391785786,399.2249492485611,404.2732476681627,404.2834472923958,21.126068099547513,-24.341084434389142,399.28554421356984,404.2783474802793,404.01232345869096,404.0466872007552,403.82044317341234,403.7820965867062,22.197101538461542,-24.990452692307688,404.02950532972307,403.8012698800593,0.04397874192593143,-0.0013962382463491346,0.20824117876940765,-0.027171516934575687,0.1381632925486276,-0.004386411817391538,0.6542089573968499,-0.08536183798855364,,,,,,,,,,,-0.0005215344802415977,,-151.0093985588595,,-0.0016384488917207747,,-151.0093985588595,,,,,,,,,,
2020-08-15 09:01:40,4.0,irrigation,oc,91,396.8336147597604,399.81041675472903,399.8249568714995,21.82353269230769,-25.82314038461538,396.62010422159426,396.7268594906773,399.8176868131143,,,,,,102.73841666666667,106.73372499999999,,,,,,,,0.0,102.73841666666667,,,4.599999999999998,0.08140169489163362,,24.706958728792927,399.12936281297414,2.930875299558,2.008088838082306,1.8857675223868842,0.3911076603755815,0.6892283079588724,2.584124132414829,2.7629447653986756,1.9478885915421233,,,,,,0.0002549509756740006,1.7459297765517021,,,,,,,,0.0,0.0002549509756740006,,,0.0,,0.4762351615005437,1.9723224325050128,408.28464669405327,408.2659347754678,404.0059091135132,404.015969149971,20.593605497737553,-24.629241470588237,408.2752907347606,404.01093913174213,396.8336147597604,396.62010422159426,399.81041675472903,399.8249568714995,21.82353269230769,-25.82314038461538,396.7268594906773,399.8176868131143,0.04897039560253037,-0.14373439311769187,-0.43034619618910963,-0.04776307290527581,0.15384503506829533,-0.4515549134867281,-1.3519724484480184,-0.15005211895208817,,,,,,,,,,,0.0010540588812382662,,2.962765621172742,,0.0033114236377492132,,2.962765621172741,,,,,,,,,,
2020-08-15 09:09:40,4.0,irrigation,cc,93,396.5951114852038,385.70820769047873,385.75039377047455,28.318899230769237,-24.35263346153846,396.6789965540698,396.6370540196368,385.72930073047667,,,,,,154.38887083333333,336.17395833333336,,,,,,,,0.0,154.38887083333333,,,4.599999999999998,0.08140169489163362,,32.61609026939975,384.8287290426041,16.34200441451435,1.2917589187170269,1.2554804664987023,0.25284771467305084,0.7274894092366833,16.308357897255174,16.325189824148627,1.2737488578689249,,,,,,4.365181372745357,8.730311755295487,,,,,,,,0.0,4.365181372745357,,,0.0,,0.3078819067791414,1.2477341333034264,414.9386641720027,414.83861331122586,404.1151146260047,404.1183739650092,20.42581671945701,-24.305261199095018,414.8886387416143,404.1167442955069,406.69007511706144,406.9055709803633,401.978108448695,402.0359957598014,21.99031269230769,-25.147533615384617,406.79782304871236,402.00705210424815,0.31421466857124863,-0.5900525222193785,-0.581369919132314,-0.009484385925224038,0.9871344944335865,-1.8537046690365278,-1.8264274669641694,-0.029796077146494276,0.2523368689901043,-0.5333217263770419,-0.2935765975918495,0.024652068211707706,0.7927396538491617,-1.67547961758594,-0.9222980822604412,0.0774467563896954,,,0.0014012673880288667,,0.9597037440120559,,0.004402211331946446,,0.9597037440120558,,0.0007216769140789992,,0.5439853552778084,,0.002267214891535936,,0.5439853552778084,,
2020-08-15 09:11:40,4.0,irrigation,oc,95,409.1541902063867,402.5200313721865,402.58875548187683,22.03200769230769,-24.978631923076925,409.4769376700555,409.3155639382211,402.55439342703164,,,,,,113.5788,651.7932708333335,,,,,,,,0.0,113.5788,,,4.599999999999998,0.08140169489163362,,24.96080986839598,401.9072991069553,2.873500203217042,2.2762056929324967,1.9792715852264953,0.49865819454458277,0.8594433240698028,2.8332270669173716,2.85343468740758,2.1329121365662616,,,,,,1.7463122030152773,17.460687248334647,,,,,,,,0.0,1.7463122030152773,,,0.0,,0.6071948720831922,2.1362587681762544,416.6021685414901,416.4817829451653,404.14241600412754,404.14397516876875,20.383869524886876,-24.224266131221714,416.54197574332767,404.14319558644814,409.1541902063867,409.4769376700555,402.5200313721865,402.58875548187683,22.03200769230769,-24.978631923076925,409.3155639382211,402.55439342703164,0.06560770296244982,-0.03544160595513004,-0.2544708989569256,-0.03100634920511538,0.20611267764573363,-0.11134308890006075,-0.799443906715468,-0.09740931887743019,,,,,,,,,,,0.0006109129782246245,,6.966284867494743,,0.0019192397243731414,,6.966284867494744,,,,,,,,,,
2020-08-15 10:01:40,16.0,control,oc,101,383.9217850947038,403.3708961217375,403.3657835120999,20.50690923076923,-25.60766807692307,383.542886131383,383.7323356130434,403.3683398169187,,,,,,91.02643000000002,1431.0268333333336,,,,,,,,0.0,1431.0268333333336,,,4.5,0.07725715988542793,,23.103762344863643,402.7335079545986,2.6059085601797514,0.4980347208198406,0.469918108926025,0.09516629978823947,0.5320916535035618,2.8965335197852773,2.7550558846652997,0.4841805511576792,,,,,,0.8733702603271906,14.846815117728637,,,,,,,,0.0,14.846815117728637,,,0.0,,0.11587995516512663,0.4849337540816666,389.1183431455781,389.35232632784385,403.84759311420333,403.84471722684634,19.99574319004525,-23.445413076923078,389.235334736711,403.8461551705248,383.9217850947038,383.542886131383,403.3708961217375,403.3657835120999,20.50690923076923,-25.60766807692307,383.7323356130434,403.3683398169187,0.02096527513235817,-0.010738799224043699,-0.2130298234198896,-0.08740227889087436,0.06586435433630522,-0.03373693275063144,-0.6692529282514559,-0.27458235727057717,,,,,,,,,,,0.0005473034033870244,,20.582038136510107,,0.0017194043513653664,,20.582038136510107,,,,,,,,,,
2020-08-15 10:09:40,16.0,control,cc,103,383.1509063824851,403.5221068899927,403.4917092227622,18.784258461538464,-25.990876923076918,383.0686271909472,383.10976678671614,403.5069080563775,,,,,,80.18456,1414.7869166666667,,,,,,,,0.0,1414.7869166666667,,,4.5,0.07725715988542793,,21.006163779532983,402.874163785088,3.1567142087798064,0.24401173776962623,0.2311428667488941,0.2041731872248108,0.5248426780418624,2.991839651430539,3.07538201657813,0.23766441994780146,,,,,,0.8730643191563724,1.7451394285264195,,,,,,,,0.0,1.7451394285264195,,,0.0,,0.24861300517283177,0.23796459158801173,390.22755039705976,390.4634419785927,403.82544866305915,403.82307519689687,19.517923642533933,-24.25287153846154,390.34549618782626,403.82426192997804,382.38183682320556,382.3360198556243,403.33689585755064,403.31706022138854,19.311826769230763,-24.79548315384615,382.35892833941494,403.32697803946957,-0.03007632602324702,-0.0249014276061403,-0.30257661942565023,-0.06912880469364636,-0.09448756488160436,-0.07823014203134844,-0.9505724847356576,-0.21717454497700303,-0.021622917689253823,-0.0014889105846328699,0.021911853652941037,-0.047512093527977604,-0.0679303993617366,-0.004677550554534709,0.06883811846261424,-0.1492636439841656,,,0.000775150789187168,,12.570552189978104,,0.002435208024734738,,12.570552189978104,,-5.730702758296826e-05,,-15.523746351203723,,-0.00018003533685372075,,-15.523746351203723,,
2020-08-15 10:11:40,16.0,control,oc,105,381.996849755331,403.3283957915039,403.3048793987107,19.013056153846147,-24.59243692307692,382.0343032866846,382.0155765210078,403.3166375951073,,,,,,107.57900416666666,1440.1888750000003,,,,,,,,0.0,1440.1888750000003,,,4.5,0.07725715988542793,,21.28476099709315,402.681026816241,3.6381914250762137,0.3386540017442356,0.37695968566843796,0.11392879492303667,0.5037159612858764,4.224152200413794,3.9420742419289105,0.35831908790673733,,,,,,0.8730668686661396,0.8723147632872618,,,,,,,,0.0,0.8723147632872618,,,0.0,,0.13872624739089076,0.35296416645329365,390.50485220993016,390.7412208912799,403.8199125502731,403.81766468940947,19.398468755656104,-24.454736153846156,390.62303655060504,403.8187886198413,381.996849755331,382.0343032866846,403.3283957915039,403.3048793987107,19.013056153846147,-24.59243692307692,382.0155765210078,403.3166375951073,-0.015797918828376917,-0.02656320133891194,-0.35214350658391863,-0.00514847840668911,-0.0496306257332368,-0.08345075818215231,-1.106291453293388,-0.016174421939620195,,,,,,,,,,,0.0009014919081412102,,13.704649738994307,,0.0028321203558870716,,13.704649738994313,,,,,,,,,,
2020-08-15 11:01:40,4.0,irrigation,oc,111,380.2791776170087,402.91207465919894,402.9164258163373,20.232131538461537,-26.65638615384615,380.52921000664395,380.4041938118263,402.9142502377681,,,,,,144.67618750000003,1336.0430416666668,,,,,,,,0.0,144.67618750000003,,,4.599999999999998,0.08140169489163362,,22.769177237153823,402.27257731766963,3.440510431467497,0.8222671734375232,0.785760812665094,0.22959776566320825,0.70676240511831,3.2019873647958006,3.3233894680994447,0.8042211633726891,,,,,,2.6191241207056817,8.730668686661478,,,,,,,,0.0,2.6191241207056817,,,0.0,,0.27957143285248,0.8060582539800387,389.9496098603328,389.86555639157336,403.6573584385938,403.69287321829296,20.280567466063353,-25.127202986425342,389.90758312595307,403.6751158284434,380.2791776170087,380.52921000664395,402.91207465919894,402.9164258163373,20.232131538461537,-26.65638615384615,380.4041938118263,402.9142502377681,-0.0019278935153151501,-0.03044875783800005,-0.3713433797659502,-0.059583183524216016,-0.006056656104617477,-0.09565759393479559,-1.166609633831914,-0.1871860916371694,,,,,,,,,,,0.000952388196169024,,12.626308680558806,,0.002992015760450241,,12.62630868055881,,,,,,,,,,
2020-08-15 11:09:40,4.0,irrigation,cc,113,371.4284321544579,388.904753051358,388.8496303365741,27.990697692307695,-27.586794999999995,371.04695159087555,371.2376918726667,388.87719169396604,31.06645429561004,586.0149971376715,22.042780481607753,404.2902473938945,93.28452200000001,152.66715000000002,409.2048958333334,,,,,,,,0.5384615384615384,152.66715000000002,,,4.599999999999998,0.08140169489163362,,32.21645321671748,388.0240443579188,19.818122766760425,1.6303575637835874,1.4772894561703007,0.4882641130724866,0.6874535763657055,18.944181086022947,19.386077311029396,1.5557072223105313,0.02594154229666365,113.94138973013288,0.014238365894065448,0.4714011137174841,0.003857268463564655,0.8730031309221659,47.1436095428125,,,,,,,,0.508391127441794,0.8730031309221659,,,0.0,,0.5945384412074628,1.5666153578657886,390.6375009057218,390.77335497889544,403.5944723683884,403.6138736472081,19.94886809954751,-27.04544877828054,390.70542794230863,403.60417300779824,382.730166522537,382.29858597424646,403.23457275705385,403.2715769312058,20.164912153846153,-28.647058461538464,382.5143762483917,403.2530748441298,0.31998032484633204,-0.4451441099285775,-0.6341406847745376,-0.029764206895736788,1.0052478378305123,-1.398461465540386,-1.9922117166300877,-0.09350701372357334,0.31145269852726304,-0.43500391397722327,-0.32060749431202185,0.03242355245638898,0.9784575096339659,-1.3666051004336508,-1.007218148816479,0.1018615942002749,,,0.0016230659709907445,,1.471604777751466,,0.0050990121307561065,,1.4716047777514663,,0.0008381580254746564,,0.77698105722248,,0.002633151095378507,,0.77698105722248,,
2020-08-15 11:11:40,4.0,irrigation,oc,115,383.34291374891905,403.31519728151756,403.3603647099229,20.148107307692307,-29.14472653846154,382.7409299661471,383.0419218575331,403.3377809957202,,,,,,144.67721666666668,858.0753291666666,,,,,,,,0.0,144.67721666666668,,,4.599999999999998,0.08140169489163362,,22.66686450548317,402.7024887514159,3.123649724196654,0.49890646469419303,0.3941424769535527,0.16782955107030775,0.9628741693116151,2.7176135036355737,2.9276791793685533,0.44958645033671774,,,,,,2.619111373156927,84.68391694695629,,,,,,,,0.0,2.619111373156927,,,0.0,,0.20435890537602525,0.44263019493191536,390.809473667069,391.00030462572596,403.578750850837,403.59412375443685,19.865943257918552,-27.52501022624434,390.9048891463975,403.58643730263697,383.34291374891905,382.7409299661471,403.31519728151756,403.3603647099229,20.148107307692307,-29.14472653846154,383.0419218575331,403.3377809957202,0.011226214691948684,-0.005165788195739611,-0.3022338298074511,-0.06347103456165887,0.03526819360384779,-0.01622880224573643,-0.9494955793893963,-0.19940013589465133,,,,,,,,,,,0.0007731646193206393,,60.404868015574955,,0.0024289682880732693,,60.40486801557498,,,,,,,,,,
2020-08-15 12:01:40,16.0,control,oc,121,388.06894296682196,403.1636631981138,403.07012137733807,18.571933750000003,-23.584509999999998,387.63052744550316,387.84973520616256,403.11689228772593,,,,,,1736.7441666666666,286.6580571428571,,,,,,,,0.0,286.6580571428571,,,4.5,0.07725715988542793,,20.74762500994465,402.4782722585894,3.356051630156111,0.6845651309348185,0.5927552460649503,0.16991626878617214,3.367445475320594,3.2470859007043593,3.3020182760568217,0.6403078166902717,,,,,,0.7993501527282083,9.585763173986471,,,,,,,,0.0,9.585763173986471,,,0.0,,0.20689981277596134,0.6468698473837736,403.38595297985574,403.67206220680356,403.23717292893065,403.27235568405746,18.87765807692308,-23.731724592760177,403.52900759332965,403.254764306494,388.06894296682196,387.63052744550316,403.1636631981138,403.07012137733807,18.571933750000003,-23.584509999999998,387.84973520616256,403.11689228772593,-0.012524874027143766,-0.010592410755204089,-0.6352745244191571,0.006214452499575803,-0.03934805223081247,-0.03327703981235467,-1.995773778927974,0.01952327831875007,,,,,,,,,,,0.0015742970454787652,,59.93373923033044,,0.004945800032644206,,59.93373923033047,,,,,,,,,,
2020-08-15 12:11:40,16.0,control,oc,123,393.2784496741263,403.1136460424813,403.1093875488747,18.678075769230766,-25.67206384615385,393.18068426894604,393.2295669715362,403.11151679567797,,,,,,1821.726125,414.9108291666666,,,,,,,,0.0,414.9108291666666,,,4.5,0.07725715988542793,,20.87686963180099,402.47281578240654,3.532821009328773,1.103143169333704,1.0274622918208909,0.47218609495132874,0.5564666910648086,3.301193514566278,3.418969355271353,1.0659745806447372,,,,,,0.0003824264628663637,40.1593550395568,,,,,,,,0.0,40.1593550395568,,,0.0,,0.5749609224516632,1.0796286795909702,398.23250769320725,398.617064095792,403.3581711200279,403.36705970933247,18.642342692307693,-24.445999479638008,398.4247858944996,403.36261541468014,393.2784496741263,393.18068426894604,403.1136460424813,403.1093875488747,18.678075769230766,-25.67206384615385,393.2295669715362,403.11151679567797,0.0014635569730289484,-0.009502437038450436,-0.20823606339205164,-0.04931681138191021,0.00459789983457786,-0.029852786391195443,-0.6541928869649278,-0.1549333323358826,,,,,,,,,,,0.0005226483661766747,,22.185552092604116,,0.001641948267591349,,22.185552092604116,,,,,,,,,,
2020-08-15 13:01:40,4.0,irrigation,oc,129,385.197481847567,401.10675538941155,401.21110258374745,19.348770384615385,-18.594198076923078,384.843772120394,385.0206269839805,401.1589289865795,,,,,,1570.2601666666665,157.79673333333332,,,,,,,,0.0,1570.2601666666665,,,4.599999999999998,0.08140169489163362,,21.69354593563126,400.49081138540765,2.8114094256954574,2.0462793717091237,1.7936824889289535,0.6638375386823552,0.667600060785014,2.8394448019823084,2.825461886346515,1.9241304709105165,,,,,,0.8785610621913019,6.111582808601962,,,,,,,,0.0,0.8785610621913019,,,0.0,,0.808326733209269,1.9432924189309186,394.66233409161697,394.2386451409886,403.1716109918818,403.17116734448723,18.389745271493215,-18.892728619909505,394.4504896163028,403.17138916818453,385.197481847567,384.843772120394,401.10675538941155,401.21110258374745,19.348770384615385,-18.594198076923078,385.0206269839805,401.1589289865795,0.03809851397964754,-0.0631171390987121,-0.35269647475492677,0.01092163394315098,0.11969001163114873,-0.19828834050811897,-1.1080286540370958,0.034311324961000034,,,,,,,,,,,0.0008941463733458875,,5.711511019182292,,0.0028090436777373964,,5.711511019182293,,,,,,,,,,
2020-08-15 13:09:40,4.0,irrigation,cc,131,389.39124065354036,389.9279477966819,389.91906015534187,26.40158,-17.128836153846155,389.0036855371117,389.19746309532604,389.9235039760119,,,,,,1599.3664999999999,141.81721249999998,,,,,,,,0.0,1599.3664999999999,,,4.599999999999998,0.08140169489163362,,30.281452199062194,389.0861197913438,4.028690403235444,0.8216062635248959,0.7096783466293433,0.26768193152321684,0.7603454537778274,3.979918070471074,4.004378491900058,0.7676848988803605,,,,,,4.367310213392949,0.8731943441539018,,,,,,,,0.0,4.367310213392949,,,0.0,,0.32594490163480205,0.7706984918888361,397.706688491874,397.4494894412068,403.0688023439589,403.0697427247609,18.422164819004525,-18.16563540723982,397.5780889665404,403.0692725343599,393.8598714512455,393.60862347345557,402.34218749339544,402.33579935010044,19.812887,-18.03180146153846,393.7342474623505,402.33899342174794,0.31700306623955465,-0.38485475073819786,-0.20077521717729,0.03467218988246784,0.9958945040636236,-1.2090568576182532,-0.6307539473070695,0.1089258970186313,0.2621243866059138,-0.3786883112641204,-0.07370790627446899,0.030485223631970478,0.8234880472878695,-1.1896844166676857,-0.23156021686335673,0.09577215460524037,,,0.0005049956794630777,,0.5288962673937307,,0.0015864907166957905,,0.5288962673937309,,0.00018720217189518691,,0.19889373705580957,,0.0005881129679619726,,0.19889373705580948,,
2020-08-15 13:11:40,4.0,irrigation,oc,133,396.02546885216515,402.6510455193914,402.6169735416887,19.928916153846153,-17.891202307692307,395.7998363117209,395.912652581943,402.6340095305401,,,,,,1665.2979166666662,169.21211250000002,,,,,,,,0.0,1665.2979166666662,,,4.599999999999998,0.08140169489163362,,22.39996476117448,401.9881146618258,3.1240251113312634,0.6120701958964455,0.5743225663186918,0.2850179061894457,0.5252016185299334,2.8356520147360467,2.9833249274010463,0.5934965605998073,,,,,,17.46184727527449,0.8731943441539018,,,,,,,,0.0,17.46184727527449,,,0.0,,0.34705418056585713,0.599824153617415,398.4677770919383,398.2522005162614,403.0431001819782,403.0443865698293,18.430269705882353,-17.983862104072397,398.3599888040998,403.0437433759038,396.02546885216515,395.7998363117209,402.6510455193914,402.6169735416887,19.928916153846153,-17.891202307692307,395.912652581943,402.6340095305401,0.0595381279414255,0.008018596290264498,-0.07171807404920592,0.002542611656615073,0.18704454534927153,0.02519116319759731,-0.22530897456259416,0.007987850101353687,,,,,,,,,,,0.00018003332680199087,,-9.04912821896142,,0.000565591376882465,,-9.049128218961423,,,,,,,,,,
2020-08-15 14:01:40,16.0,control,oc,139,379.02622401710573,401.8617979895383,401.89734452604876,16.520368076923077,-23.893112307692302,378.7512327703486,378.8887283937272,401.8795712577935,,,,,,382.0848041666666,521.6212333333334,,,,,,,,0.0,521.6212333333334,,,4.5,0.07725715988542793,,18.249520757247275,401.2223104470908,2.962894300626577,1.036168110949951,0.848759062796379,0.31650569069158135,0.6765356606672408,2.8230772090793526,2.8938302960875846,0.9471104214474091,,,,,,9.603404119059237,3.4915026217373546,,,,,,,,0.0,3.4915026217373546,,,0.0,,0.38539551635884295,0.9493687125333731,396.42057346535984,396.3290872836658,403.32893850119046,403.30710498240825,17.4029578280543,-19.512343959276016,396.37483037451284,403.3180217417993,379.02622401710573,378.7512327703486,401.8617979895383,401.89734452604876,16.520368076923077,-23.893112307692302,378.8887283937272,401.8795712577935,-0.03610355453449369,-0.07237899937099139,-0.7171555107586142,-0.1753782894207841,-0.11342266169404383,-0.2273853326980868,-2.253010484080698,-0.5509671456434799,,,,,,,,,,,0.0018092862003397472,,10.081898581458221,,0.00568404023522874,,10.081898581458221,,,,,,,,,,
2020-08-15 14:09:40,16.0,control,cc,141,391.7953813065533,401.9012645963225,401.95207644246005,18.155610384615382,-22.313166153846154,391.282635517074,391.53900841181365,401.9266705193913,,,,,,576.694125,829.5155416666668,,,,,,,,0.0,829.5155416666668,,,4.5,0.07725715988542793,,20.240685757054546,401.2701192796297,3.0687840132293163,1.1964472306354628,0.9736007999871593,0.2901166032267819,0.5501645839424937,2.990363423649177,3.029827447673436,1.0907301438556891,,,,,,30.55457418522865,2.619799740791453,,,,,,,,0.0,2.619799740791453,,,0.0,,0.3532626470650479,1.0906456483780276,399.18878552088927,399.1787642325496,403.2217502571937,403.2074378888986,17.12220452488688,-21.625290565610854,399.1837748767195,403.21459407304616,384.89999205616834,384.956003973234,401.12336472313234,401.143140732326,17.67695269230769,-21.653344615384615,384.9279980147012,401.1332527277292,0.04226082105382847,-0.03472725200945757,-0.290407663563572,-0.028562711744600514,0.13276628495738044,-0.10909887979227324,-0.9123425823974942,-0.08973240538343989,0.019585616367765995,0.03974746636644398,0.2732652506722534,-0.026945285056513817,0.061530028497001676,0.12487034833562782,0.8584881039933245,-0.08465110958242665,,,0.0007275036758527048,,8.446971250869764,,0.002285520203518428,,8.446971250869769,,-0.0007099126384197619,,7.164470891715867,,-0.002230256329550071,,7.164470891715867,,
2020-08-15 14:11:40,16.0,control,oc,143,386.368434065934,400.93875640653084,400.9545897838953,17.966098846153844,-21.093402692307695,386.50719677395534,386.4378154199447,400.9466730952131,,,,,,520.7548125000001,453.4181041666665,,,,,,,,0.0,453.4181041666665,,,4.5,0.07725715988542793,,20.009925617918494,400.2753577663607,3.8618728300216993,0.7034618238066613,0.614611754631159,0.37553015204989365,2.056580468960178,3.914121560353795,3.8880849620659164,0.6605324164960363,,,,,,35.791177992847096,72.46072583465435,,,,,,,,0.0,72.46072583465435,,,0.0,,0.45726709223251627,0.664624456008394,399.88083853477167,399.89118346977057,403.19495319619455,403.1825211155212,17.052016199095025,-22.153527217194565,399.8860110022711,403.18873715585784,386.368434065934,386.50719677395534,400.93875640653084,400.9545897838953,17.966098846153844,-21.093402692307695,386.4378154199447,400.9466730952131,0.037378465013494004,-0.0750480478273559,-0.5255962523837873,0.0417831009392745,0.11742791108885589,-0.23577039572067676,-1.651209325243233,0.13126548295502555,,,,,,,,,,,0.0013143651888857953,,7.061306136670966,,0.0041292000215377754,,7.061306136670964,,,,,,,,,,
2020-08-15 15:01:40,4.0,irrigation,oc,149,377.2749673598954,402.8318119253937,402.7850933900455,16.82101076923077,-28.93614384615385,377.51733964691743,377.3961535034064,402.8084526577196,,,,,,1332.6007083333336,132.97473749999997,,,,,,,,0.0,1332.6007083333336,,,4.599999999999998,0.08140169489163362,,18.61560057523811,402.16518585088335,3.131144288043156,1.2191830376739112,1.1970476748221346,0.5652082966901519,1.1866263962345605,3.2500204612634747,3.1911359694610733,1.2081660513250785,,,,,,19.207114179288315,1.746120989783481,,,,,,,,0.0,19.207114179288315,,,0.0,,0.6882301006254781,1.2249501522732373,390.0290603322386,389.88179532284636,403.82712371636296,403.80096984928923,17.55681117647059,-27.189287126696833,389.9554278275425,403.8140467828261,377.2749673598954,377.51733964691743,402.8318119253937,402.7850933900455,16.82101076923077,-28.93614384615385,377.3961535034064,402.8084526577196,-0.02920584131586218,-0.051007613972385596,-0.5011471469091203,-0.06732588088752495,-0.09175285651982186,-0.16024514533279063,-1.5744001950971773,-0.21151049279270984,,,,,,,,,,,0.001285139559926198,,10.174116488872633,,0.004037385000301764,,10.174116488872636,,,,,,,,,,
2020-08-15 15:09:40,4.0,irrigation,cc,151,386.26042018202537,394.2151872424179,394.18191297685735,23.220943076923085,-23.10918538461538,386.7050245987218,386.4827223903736,394.1985501096376,,,,,,635.4909124999999,178.34847875,,,,,,,,0.0,635.4909124999999,,,4.599999999999998,0.08140169489163362,,26.40852591252122,393.4255713615817,4.458884115140677,1.977746323713341,1.7716686240452755,0.6211698744515516,0.9338664382843244,4.176382350515637,4.31994311825702,1.8775369815782745,,,,,,95.15959758665677,14.841477719052296,,,,,,,,0.0,95.15959758665677,,,0.0,,0.756372133429008,1.8977947176826047,397.3281932897181,397.4526862491268,404.7603208432534,404.74171466967323,18.378908190045248,-25.902378710407238,397.39043976942247,404.75101775646334,387.2208581447342,387.1012887199173,403.72799236500043,403.71312107682553,17.783699384615385,-27.271630615384616,387.16107343232574,403.720556720913,0.19235397979657093,-0.33364579413848516,-0.34891485607749917,0.10394020938461196,0.6042978498176667,-1.0481791757665972,-1.0961483485814112,0.3265377982152818,0.2158682666328671,-0.2841672179226808,0.05712299034989281,0.1564305438799558,0.678170160596978,-0.8927376442169437,0.17945716683430388,0.4914410474503249,,,0.0008780152242211708,,1.0651342287314522,,0.0027583661781532248,,1.0651342287314522,,-0.00014754321720279477,,-0.20961682429432904,,-0.00046352068725130316,,-0.20961682429432904,,
2020-08-15 15:11:40,4.0,irrigation,oc,153,389.70733084094394,403.9520374749021,403.94512799852055,18.02437153846154,-26.85550230769231,389.49727598816725,389.6023034145556,403.94858273671133,,,,,,330.1528958333333,117.56485416666663,,,,,,,,0.0,330.1528958333333,,,4.599999999999998,0.08140169489163362,,20.08088179659721,403.32249248732893,3.119553547557861,0.9201667699943201,0.8761017329514865,0.30177636828210846,0.35016322917528236,3.1964095773727967,3.1582153601679366,0.8984044554326236,,,,,,30.557008967046727,3.492560668286593,,,,,,,,0.0,30.557008967046727,,,0.0,,0.3674602470017221,0.9101896729436989,399.152976529088,399.3454089806969,404.993620124976,404.9769008747692,18.584432443438914,-25.58065160633484,399.2491927548925,404.98526049987265,389.70733084094394,389.49727598816725,403.9520374749021,403.94512799852055,18.02437153846154,-26.85550230769231,389.6023034145556,403.94858273671133,-0.02225355804048494,-0.04943837740556062,-0.38507228396839477,-0.049144483378297715,-0.06991161445622156,-0.15531524326270885,-1.2097402584161516,-0.1543919479457258,,,,,,,,,,,0.000964491077142387,,7.900839198706769,,0.0030300380824034297,,7.90083919870677,,,,,,,,,,
2020-08-15 16:01:40,16.0,control,oc,159,385.6665199927232,401.7932672646096,401.7657864842016,19.966175384615386,-32.592219230769224,385.39791498808285,385.532217490403,401.77952687440563,,,,,,792.4252666666666,392.9317874999999,,,,,,,,0.0,392.9317874999999,,,4.5,0.07725715988542793,,22.44533374158701,401.12075885138495,3.3027881680796525,1.0852562310985774,0.9782030671260253,0.18517579179214025,0.9067656364769136,3.19641001518036,3.250034358922399,1.0331172072115176,,,,,,0.8695867878481902,13.097073824090117,,,,,,,,0.0,13.097073824090117,,,0.0,,0.2254806848463032,1.033484083737182,390.3341507183118,390.29501996387654,403.69270187370637,403.67693817173404,18.834024049773756,-28.46199266968326,390.3145853410942,403.6848200227202,385.6665199927232,385.39791498808285,401.7932672646096,401.7657864842016,19.966175384615386,-32.592219230769224,385.532217490403,401.77952687440563,0.04637976435022744,-0.05785948166989825,-0.17412214352470265,-0.16733241526674847,0.1457063269579003,-0.18177092255466568,-0.5470208469245135,-0.5256902865094536,,,,,,,,,,,0.0004461071916452676,,3.1124838345009267,,0.0014014870759863466,,3.1124838345009267,,,,,,,,,,
2020-08-15 16:09:40,16.0,control,cc,161,368.1387788962477,402.32927744901195,402.2908180545283,20.08138730769231,-34.76996192307693,368.21753464385904,368.17815677005336,402.3100477517701,,,,,,748.4883916666665,458.85203749999994,,,,,,,,0.0,458.85203749999994,,,4.5,0.07725715988542793,,22.58562239955049,401.6592722574077,4.387194140211512,0.4430413071806855,0.44760892779600614,0.14999176925572202,3.2029313333407807,4.534585483175053,4.4614985110458205,0.4453309736089894,,,,,,0.872671694653736,20.95226635536522,,,,,,,,0.0,20.95226635536522,,,0.0,,0.18263859722577294,0.44746546515039004,369.5727962609818,369.5279594405679,403.21195304389863,403.2097793612585,19.31360178733032,-31.10398796380091,369.55037785077485,403.21086620257853,364.1496908496973,363.56211388707266,402.03672578727685,402.038471890521,19.60249076923077,-34.61664076923076,363.85590236838493,402.03759883889893,0.03146851870459839,-0.023519490519446733,-0.043526525039678896,-0.1483307541088514,0.0988612671817193,-0.07388865863206864,-0.1367426113009474,-0.46599480740980165,0.019633875516974323,0.018844501572564946,0.18087471757640214,-0.006842324569510483,0.06168163908562304,0.059201747700931354,0.5682346839581536,-0.021495796601051078,,,0.0001177823854296125,,2.019224762254637,,0.0003700242767879521,,2.019224762254637,,-0.0004971053551668814,,10.605483121517688,,-0.0015617025318524196,,10.605483121517684,,
2020-08-15 16:11:40,16.0,control,oc,163,358.77048356394084,402.09759041794365,402.10664324210086,19.511569615384616,-35.122746153846144,358.1031636118201,358.43682358788044,402.1021168300223,,,,,,727.9274291666667,385.2241499999999,,,,,,,,0.0,385.2241499999999,,,4.5,0.07725715988542793,,21.891779633951305,401.44820876553507,3.661118760493317,0.6164853545664223,0.6015594862202205,0.16661174324712563,1.176940577497695,3.826053170779524,3.744494187742062,0.6090681439118381,,,,,,0.8759223195939213,36.66812011634375,,,,,,,,0.0,36.66812011634375,,,0.0,,0.2028760325916034,0.6093376861248152,364.38245764664936,364.3361943097407,403.09176583644665,403.0929896586396,19.43349622171946,-31.764486787330323,364.359325978195,403.09237774754314,358.77048356394084,358.1031636118201,402.09759041794365,402.10664324210086,19.511569615384616,-35.122746153846144,358.43682358788044,402.1021168300223,0.0032003136093171408,-0.03851301161442848,-0.2368859055122573,-0.1350851825409022,0.010054081724214166,-0.12099219435550687,-0.7441990204962734,-0.4243826170793346,,,,,,,,,,,0.0006501436593568451,,6.804660101664409,,0.0020424865440134498,,6.8046601016644095,,,,,,,,,,
2020-08-15 17:01:40,4.0,irrigation,oc,169,358.20222659298474,401.12387396967137,401.1104498441299,20.325370769230766,-20.82067538461538,358.2184818660226,358.21035422950365,401.1171619069006,,,,,,213.74016666666665,125.2763,,,,,,,,0.0,213.74016666666665,,,4.599999999999998,0.08140169489163362,,22.8827106823462,400.4484150664367,4.783372719451076,1.5863445650603414,1.4370295859803566,0.42928500830029276,0.4202976686419368,4.694789605434986,4.73928813285757,1.513529502533624,,,,,,11.34960159413532,0.8731561015076361,,,,,,,,0.0,11.34960159413532,,,0.0,,0.5227220941193748,1.5293374932275827,372.3332615228285,371.9034541755946,403.23785048657004,403.19261480471937,19.625876018099547,-20.473824660633486,372.1183578492116,403.21523264564473,358.20222659298474,358.2184818660226,401.12387396967137,401.1104498441299,20.325370769230766,-20.82067538461538,358.21035422950365,401.1171619069006,0.02782337207311491,-0.0705970093148436,-0.5319992772327318,-0.01409535078636186,0.0874097013029932,-0.22178704582892286,-1.67132502106943,-0.044281850480205526,,,,,,,,,,,0.0014296507173352263,,8.16545845478374,,0.004491380190779725,,8.16545845478374,,,,,,,,,,
2020-08-15 17:09:40,4.0,irrigation,cc,171,348.5701676035097,395.19489861830294,395.1673292032125,22.85791884615384,-16.041626538461536,348.81299387272986,348.6915807381198,395.18111391075774,,,,,,214.02239166666666,148.10351250000002,,,,,,,,0.0,214.02239166666666,,,4.599999999999998,0.08140169489163362,,25.966486748668043,394.4229379153815,4.768075375559483,1.2403501022866195,1.161093142768583,0.21364635181209035,0.5703295580482732,4.597771355628492,4.683697483060501,1.2013753914631873,,,,,,5.238197251216272,7.857448847409938,,,,,,,,0.0,5.238197251216272,,,0.0,,0.26014807473094465,1.2128440460983347,363.93523655468385,363.5292339772539,403.43545369037935,403.4134090125008,20.07406624434389,-18.131480226244346,363.7322352659689,403.4244313514401,359.1063124907722,359.31581511147203,402.8672021425553,402.8671086732538,20.221738769230768,-17.217914461538463,359.2110638011221,402.86715540790453,0.11078223654608568,-0.27676198608960817,-0.5462263522504489,0.07948674086081021,0.34803266048142945,-0.8694734222920333,-1.7160206954271608,0.249714961146117,0.10492148231257707,-0.25745344108377566,-0.37252604776592757,0.04406368651105152,0.32962055803694357,-0.8088138391502021,-1.170325094932278,0.1384301538332031,,,0.0015017265430187577,,2.1890042965169125,,0.004717813075248526,,2.189004296516913,,0.0010370672991636396,,1.6228190659322401,,0.0032580430083306976,,1.6228190659322401,,
2020-08-15 17:11:40,4.0,irrigation,oc,173,359.3323339652191,403.30303418577626,403.3062733805348,20.195830769230767,-16.317224230769234,359.5901484228344,359.46124119402674,403.3046537831555,,,,,,229.14617500000003,170.36152916666657,,,,,,,,0.0,229.14617500000003,,,4.599999999999998,0.08140169489163362,,22.724975334586613,402.6688624629296,3.348880648341125,0.17422881661261852,0.15851898614800855,0.04103386590835063,0.2949378932748126,3.427214889217579,3.3882741546182724,0.1665592229623235,,,,,,16.58774785515661,2.6191751109007964,,,,,,,,0.0,16.58774785515661,,,0.0,,0.049965193059860316,0.16634393520930144,361.8357303126477,361.43567892766873,403.48485449133165,403.46860756444613,20.186113800904977,-17.545894117647062,361.6357046201582,403.4767310278889,359.3323339652191,359.5901484228344,403.30303418577626,403.3062733805348,20.195830769230767,-16.317224230769234,359.46124119402674,403.3046537831555,0.00038672686310691086,-0.006554243854687125,-0.08465495173638737,0.04790610348452163,0.0012149382720824968,-0.020590764343721115,-0.2659513744650331,0.15050146276908555,,,,,,,,,,,0.00023408903118486094,,14.410430732510774,,0.0007354123806563111,,14.410430732510779,,,,,,,,,,
2020-08-15 18:01:40,16.0,control,oc,179,383.69468896985927,403.9821974400296,403.9839258163373,23.224908846153845,-8.217153153846153,384.27994994568775,383.98731945777354,403.98306162818346,,,,,,27.394953333333333,26.253478791666666,,,,,,,,0.0,26.253478791666666,,,4.5,0.07725715988542793,,26.41335486102168,403.35749081835553,2.8585093854191435,0.06361393905084413,0.05625225733195631,0.0281314874582794,0.4912237353305068,2.9333072012042187,2.8961497754057763,0.06004602275132444,,,,,,1.0198039028239434e-05,3.4921791341514843,,,,,,,,0.0,3.4921791341514843,,,0.0,,0.03425451564942217,0.05753548106716105,393.32992384182376,393.44716922853587,404.97696154449847,404.9859067746828,22.663492511312214,-8.915195911764707,393.3885465351798,404.98143415959066,383.69468896985927,384.27994994568775,403.9821974400296,403.9839258163373,23.224908846153845,-8.217153153846153,383.98731945777354,403.98306162818346,0.023089124064965584,-0.030778409251594807,-0.36879454114256444,0.027851629356653664,0.07253662254031919,-0.09669322439399039,-1.1586022211374993,0.08749847417736897,,,,,,,,,,,0.0009374816435068326,,12.335356820496324,,0.0029451854441163512,,12.335356820496322,,,,,,,,,,
2020-08-15 18:09:40,16.0,control,cc,181,380.80846665330813,404.33642594843064,404.3284810578041,23.078646153846154,-8.072029923076924,381.0972264347935,380.95284654405083,404.33245350311734,,,,,,0.0,22.543590416666667,,,,,,,,0.0,22.543590416666667,,,4.5,0.07725715988542793,,26.23525700217186,403.71214643444,2.975839007599544,0.22442371946239806,0.22944835094854651,0.0476559046563534,0.37351514509866157,3.032165841020664,3.00413444161572,0.2269499411878581,,,,,,0.0,0.8730426483234507,,,,,,,,0.0,0.8730426483234507,,,0.0,,0.058028567961767724,0.22426864488304207,392.09367491349116,392.16222662400264,404.9413825402031,404.94806023926003,23.06118409502262,-6.811291097285069,392.12795076874687,404.94472138973157,383.15892763810086,383.30212920788426,404.34340472101877,404.3552535665223,23.294456846153842,-7.829698538461539,383.23052842299256,404.34932914377055,0.0007184468019459838,-0.024318864879764604,-0.4488959042376925,-0.05067964906400925,0.002257067194988584,-0.07639996724991133,-1.410248074979682,-0.15921481318600028,-0.008881285677365059,-0.004269449693632969,-0.09495384381675134,-0.009670848892875969,-0.027901381838442325,-0.013412871792388528,-0.29830629816481863,-0.03038186783583613,,,0.001144768954515114,,19.062079896971913,,0.0035963977375623505,,19.06207989697191,,0.00024777212871711926,,23.465903387197486,,0.0007783990993420064,,23.465903387197486,,
2020-08-15 18:11:40,16.0,control,oc,183,383.0249873051613,404.4337065412661,404.44808550406856,23.31184384615384,-7.732834884615385,383.0576740234334,383.04133066429733,404.4408960226673,,,,,,0.0,0.0,,,,,,,,0.0,0.0,,,4.5,0.07725715988542793,,26.519211912569315,403.82222268789604,4.260738634934351,0.09214917794602383,0.09994322675147951,0.08132980261020645,1.2791499137466056,4.575297595374205,4.4208167685089155,0.09612522969966213,,,,,,0.0,0.0,,,,,,,,0.0,0.0,,,0.0,,0.09903184111425069,0.08897143455777656,391.78461268140796,391.84099097286935,404.93248778912925,404.9385986054043,23.160606990950225,-6.285314893665159,391.8128018271386,404.9355431972668,383.0249873051613,383.0576740234334,404.4337065412661,404.44808550406856,23.31184384615384,-7.732834884615385,383.04133066429733,404.4408960226673,0.006223017288304692,-0.017362170571502883,-0.3501265617560566,-0.05822144301770119,0.019550185396100293,-0.05454486751780635,-1.0999550342394804,-0.18290805766580684,,,,,,,,,,,0.0008936067431265983,,20.841468550402983,,0.002807348379404822,,20.841468550402983,,,,,,,,,,
2020-08-15 19:01:40,4.0,irrigation,oc,189,383.17513683533366,404.6939178246858,404.6940789786537,25.421673461538468,-2.361406538461538,383.26424608740587,383.21969146136973,404.6939984016698,,,,,,16.662173076923075,0.0,,,,,,,,0.0,16.662173076923075,,,4.599999999999998,0.08140169489163362,,29.08826168944261,404.0791381647499,5.146798633251458,0.19832927397185734,0.19718857502501538,0.011980681096601662,0.5242254048272158,5.116558463018582,5.131700823154354,0.19775974695903129,,,,,,15.145877132171844,0.0,,,,,,,,0.0,15.145877132171844,,,0.0,,0.014588365749335997,0.19558614228114907,396.0618583751971,395.9630395240556,404.89921755241784,404.9106910039722,25.135849864253398,1.54797820877828,396.0124489496264,404.904954278195,383.17513683533366,383.26424608740587,404.6939178246858,404.6940789786537,25.421673461538468,-2.361406538461538,383.21969146136973,404.6939984016698,0.0114332875017957,-0.003596985329810888,-0.49433529466768267,-0.15243164472445211,0.03591873202202137,-0.011300262687204141,-1.5530001301381373,-0.4788781352409481,,,,,,,,,,,0.0012482822092559093,,140.51646157022876,,0.003921594218205202,,140.51646157022878,,,,,,,,,,
2020-08-15 19:09:40,4.0,irrigation,cc,191,362.15784124464784,408.56592392740157,408.54683523988166,25.37479192307692,-0.13303019923076925,361.9097569129526,362.03379907880026,408.5563795836416,,,,,,0.0,0.0,,,,,,,,0.0,0.0,,,4.599999999999998,0.08140169489163362,,29.03117603425706,407.9997078056558,4.529656964870024,0.28561172446965066,0.2922463703471239,0.009284547170100878,0.5797942088727018,4.550503329924086,4.5400921122288755,0.2889480906110957,,,,,,0.0,0.0,,,,,,,,0.0,0.0,,,0.0,,0.011305398152432538,0.28895879951800946,389.6488508390954,389.58566022389317,405.5035676838896,405.50706117013016,25.10624009049774,1.337314505429864,389.6172555314943,405.5053144270099,375.7223130075299,375.0252768714012,405.1059014979393,405.1256493051887,25.294259307692304,-0.592083524,375.3737949394656,405.115775401564,0.01074206987848481,0.1233345037831926,-1.0714519441896713,-0.05732281129403625,0.03374720781459608,0.3874667710194204,-3.3660655565407724,-0.1800849228444583,0.0032219249728380433,0.13547415175627198,-0.5189935568211196,0.017899215515575016,0.01012197582508549,0.4256045999088128,-1.6304663453696662,0.056232043968750915,,,0.0027500115279238744,,-9.041624647624673,,0.008639416013412886,,-9.041624647624673,,0.001382604656525943,,-4.1344784244156685,,0.004343580631760942,,-4.1344784244156685,,
2020-08-15 19:11:40,4.0,irrigation,oc,193,373.859107050579,405.20889741625274,405.2335418868224,25.262405769230764,-0.1497527703846154,372.9655345674001,373.41232080898953,405.2212196515376,,,,,,0.0,0.0,,,,,,,,0.0,0.0,,,4.599999999999998,0.08140169489163362,,28.894328195286203,404.6143022329471,4.049374136811304,0.294795187032407,0.306582352273379,0.02780311956210215,1.092522479348425,3.954628354296049,4.002281619306578,0.30074652202722985,,,,,,0.0,0.0,,,,,,,,0.0,0.0,,,0.0,,0.03385467603002679,0.302836581534532,388.04559895507,387.9913153988526,405.6546552167576,405.6561537116697,25.098837647058826,1.2846485795927602,388.0184571769613,405.65540446421363,373.859107050579,372.9655345674001,405.20889741625274,405.2335418868224,25.262405769230764,-0.1497527703846154,373.41232080898953,405.2212196515376,0.00654267312196901,-0.014277286471554672,-0.5670383885432856,-0.05592713414338985,0.02055441381481724,-0.0448534182922331,-1.7814036357509804,-0.17570027376120442,,,,,,,,,,,0.0014613696283130152,,41.52136954218316,,0.004591028088487415,,41.521369542183145,,,,,,,,,,
2020-08-15 20:01:40,16.0,control,oc,199,393.0487177421907,413.2508107893904,413.26549997358137,24.044143076923078,5.318966192307692,393.18735848484533,393.118038113518,413.2581553814859,,,,,,0.0,0.0,,,,,,,,0.0,0.0,,,4.5,0.07725715988542793,,27.41090153607913,412.77231790882587,3.409377267444657,0.18083982253629882,0.1740481146509177,0.00805567664159086,0.6647406773734262,3.6694753079470477,3.5418146752336916,0.17747645988764124,,,,,,0.0,0.0,,,,,,,,0.0,0.0,,,0.0,,0.009809054782305877,0.17270122853911776,407.43611590121805,408.04948331750387,414.13302519953885,414.1186201677122,23.877328416289593,5.012742074660632,407.742799609361,414.12582268362553,393.0487177421907,393.18735848484533,413.2508107893904,413.26549997358137,24.044143076923078,5.318966192307692,393.118038113518,413.2581553814859,0.0068690448316648224,-0.03203079681232683,-0.5850340422254403,0.012342955321650542,0.021579740780337146,-0.10062771595423335,-1.8379386491553842,0.038776537762084395,,,,,,,,,,,0.0014348114615044918,,18.550661738854146,,0.004507593146748945,,18.550661738854142,,,,,,,,,,
2020-08-15 20:09:40,16.0,control,cc,201,394.3356285329354,414.53864855225635,414.52377404100196,23.869205,5.339272230769231,394.31280745765764,394.3242179952965,414.5312112966292,,,,,,0.0,0.0,,,,,,,,0.0,0.0,,,4.5,0.07725715988542793,,27.197886881147415,414.0645529671837,2.539780114203275,0.3108146600193263,0.3064416721389149,0.008112099235092488,0.5579990252012496,2.2870613080992683,2.416726345235134,0.3086359111527882,,,,,,0.0,0.0,,,,,,,,0.0,0.0,,,0.0,,0.009877758174368343,0.30360141187511563,404.49983078743827,405.08659699923817,415.03631404588157,415.02535012525584,23.683248235294116,6.5010542194570125,404.79321389333825,415.0308320855687,393.40580523243557,393.4729309047479,414.19990129979925,414.1759135316497,23.828441230769233,5.487242838461539,393.4393680685917,414.18790741572445,0.007655750565163554,-0.016904630827496315,-0.4176969665819405,-0.04664746535584716,0.02405124973323373,-0.05310746401930996,-1.3122337216405655,-0.14654733447051385,0.0016784743878897118,0.014494128580261027,0.03622647040695649,-0.0059383930775015435,0.005273082806232944,0.04553464786793391,0.11380881329598255,-0.018656012066407334,,,0.0010318773938043397,,25.333941789743978,,0.0032417384397810953,,25.333941789743978,,-9.207637401613765e-05,,2.631197899548703,,-0.00028926646017828414,,2.6311978995487024,,
2020-08-15 20:11:40,16.0,control,oc,203,393.49507710499677,414.43717392740143,414.4035169211668,23.77451576923077,5.529312,393.54432400972354,393.5197005573601,414.4203454242841,,,,,,0.0,0.0,,,,,,,,0.0,0.0,,,4.5,0.07725715988542793,,27.082587832633653,413.9520168520648,3.6627112564777002,0.4804555797306609,0.4825200712835873,0.008739132301585795,0.5564933995622949,3.4134170661167147,3.5402591582810214,0.48148893200459114,,,,,,0.0,0.0,,,,,,,,0.0,0.0,,,0.0,,0.010641269667346796,0.4779054573801969,403.7657595089933,404.34587541967176,415.26213625746726,415.25203261464173,23.634728190045248,6.873132255656108,404.05581746433256,415.2570844360545,393.49507710499677,393.54432400972354,414.43717392740143,414.4035169211668,23.77451576923077,5.529312,393.5197005573601,414.4203454242841,0.005754701411242262,-0.031242618232450968,-0.4211686366711398,-0.05397461848313112,0.01807892767716151,-0.09815157991797849,-1.3231402948884816,-0.1695662649069166,,,,,,,,,,,0.0010423526118599142,,13.854290422614747,,0.00327464730786924,,13.85429042261475,,,,,,,,,,
2020-08-15 21:01:40,4.0,irrigation,oc,209,387.6959017290291,410.6802599598435,410.68872457201735,21.637043461538465,10.286385692307691,387.76320967180624,387.7295557004177,410.68449226593043,,,,,,0.0,0.0,,,,,,,,0.0,0.0,,,4.599999999999998,0.08140169489163362,,24.479878725173947,410.159881434699,4.725564277405778,0.30952800662328783,0.31490150829916946,0.023291782747105437,0.7901701083324664,5.0434224744480405,4.887078268027902,0.31222631760733915,,,,,,0.0,0.0,,,,,,,,0.0,0.0,,,0.0,,0.028361413089052857,0.31413245254525396,399.66524780951806,399.4393912673219,410.29855256696356,410.30502858656945,21.553897918552043,10.361163558823531,399.55231953841997,410.3017905767665,387.6959017290291,387.76320967180624,410.6802599598435,410.68872457201735,21.637043461538465,10.286385692307691,387.7295557004177,410.68449226593043,0.0033137459490993762,0.016283370685500603,-0.45971338575829346,-0.002881683824397896,0.010410439929553535,0.051155717721248085,-1.4442321954551454,-0.00905307673269697,,,,,,,,,,,0.0011505711849936803,,-28.991627501872216,,0.003614625982208249,,-28.991627501872216,,,,,,,,,,
2020-08-15 21:09:40,4.0,irrigation,cc,211,369.9666433554449,412.5911270210293,412.5803901379055,21.114063846153844,7.2352472692307686,369.85801625677584,369.9123298061104,412.58575857946744,,,,,,0.0,0.0,,,,,,,,0.0,0.0,,,4.599999999999998,0.08140169489163362,,23.84306869349364,412.0897911553972,5.443750468749029,0.22466916015626645,0.22282779486930102,0.01512164040755438,0.5535342093962075,5.42625484205008,5.43500969533989,0.2237503717221911,,,,,,0.0,0.0,,,,,,,,0.0,0.0,,,0.0,,0.01841297829536032,0.2248674304074221,401.22084989739295,401.23827201229676,410.29340322370103,410.31505046745536,20.87663113122172,8.939826563348417,401.2295609548448,410.3042268455782,386.9583446325747,387.12953996435425,410.5236215259431,410.4897445445419,20.786581,7.814909107692308,387.04394229846446,410.5066830352425,0.009456279188090427,0.092849964972713,-1.2174444008914664,-0.06638678999663006,0.029707777227598937,0.29169676784434473,-3.824714385994658,-0.20856025174882134,0.013041523950321956,0.0864287178688138,-0.6630122288116705,-0.022502422836158782,0.04097115583394679,0.27152382511585027,-2.0829143472749387,-0.07069344627004763,,,0.003034283909675539,,-13.408508166430416,,0.00953248403954239,,-13.408508166430417,,0.001713015387540664,,-8.136233905436502,,0.005381596556984022,,-8.136233905436502,,
2020-08-15 21:11:40,4.0,irrigation,oc,213,386.77395535846114,410.484461917468,410.43999953767303,20.573965384615384,7.1970399615384615,386.9711225374913,386.8725389479762,410.4622307275705,,,,,,0.0,0.0,,,,,,,,0.0,0.0,,,4.599999999999998,0.08140169489163362,,23.18541377103581,409.9342714292178,4.396071792487574,0.5189370665326477,0.5497783375746099,0.025779133458016183,0.5651889144344906,4.094681864930508,4.248050539935683,0.534580162130906,,,,,,0.0,0.0,,,,,,,,0.0,0.0,,,0.0,,0.03139015424533706,0.5303424878797489,401.60975041936166,401.6879921985404,410.2921158878854,410.31755593767684,20.70731443438914,8.58449231447964,401.6488713089511,410.30483591278113,386.77395535846114,386.9711225374913,410.484461917468,410.43999953767303,20.573965384615384,7.1970399615384615,386.8725389479762,410.4622307275705,-0.005310000451745141,0.003959008090389237,-0.5783467405076749,-0.05415031205108801,-0.016681858409761014,0.012437590732269382,-1.8169298712065136,-0.17011822252929293,,,,,,,,,,,0.0014399311981703705,,-149.23200976154146,,0.004523677273846784,,-149.23200976154143,,,,,,,,,,
2020-08-15 22:01:40,16.0,control,oc,219,388.2922446135918,409.3938927269365,409.37403452921905,16.930238076923075,14.81030423076923,388.60444207304215,388.448343343317,409.38396362807777,21.00396355100757,0.0,18.503212584369685,410.52701871519594,93.28097600000001,0.0,0.0,,,,,,,,0.0,0.0,,,4.5,0.07725715988542793,,18.748602021615206,408.83975976506855,4.127839990841843,0.32814017582956934,0.3311785278949037,0.03962045259905373,1.7151574696293588,3.948519724897811,4.039175101917486,0.329662852268872,0.015878759793255013,0.0,0.011484336846010636,0.6127556322947069,0.005455000458295851,0.0,0.0,,,,,,,,0.0,0.0,,,0.0,,0.048244139795462604,0.32864126554118384,395.7385718325791,396.1267598934598,410.69079184564026,410.69974821440786,16.7318964479638,10.788612651583708,395.93266586301945,410.695270030024,388.2922446135918,388.60444207304215,409.3938927269365,409.37403452921905,16.930238076923075,14.81030423076923,388.448343343317,409.38396362807777,0.00810790140686869,-0.04937741674575774,-0.29761835189499924,0.16173731939736538,0.02547172349584903,-0.15512372970171415,-0.9349956278868315,0.5081127744300691,,,,,,,,,,,0.0007516893087017126,,6.252154607550529,,0.0023615016099992905,,6.25215460755053,,,,,,,,,,
2020-08-15 22:09:40,16.0,control,cc,221,396.2111103040434,409.132428471415,409.0715847907642,16.38022346153846,8.170592038461539,396.7077837685347,396.459447036289,409.1020066310896,,0.0,,,,0.0,0.0,,,,,,,,0.0,0.0,,,4.5,0.07725715988542793,,18.07887262042216,408.55355496281,3.1726923541386536,0.5558299548992043,0.5202894941201187,0.21532736656434948,1.1840071663993403,2.9456926363573546,3.0612972643880743,0.5383530888065102,,0.0,,,,0.0,0.0,,,,,,,,0.0,0.0,,,0.0,,0.2621949748894853,0.5338053849711287,403.4499923703794,403.6865208821606,409.8317141684952,409.8276985907964,16.186631470588235,7.744912488687781,403.56825662627,409.82970637964576,396.18052003490754,396.1185060666301,410.26760508031276,410.2509731850365,16.678851,10.992471953846156,396.14951305076886,410.2592891326746,0.007909357411013045,-0.026008031441977587,-0.28254301822025923,0.017171230156156986,0.024847979137054575,-0.08170664051244915,-0.8876350703638535,0.053945010511682295,-0.012206776951099027,-0.051524324845610356,0.007621930077722855,-0.11355820979968931,-0.03834872079358191,-0.16186844041614354,0.023944999538349207,-0.3567536376615124,,,0.0007001120964821376,,11.032235775869067,,0.002199467018997632,,11.032235775869067,,-1.9240033943310845e-05,,-0.1531975949636091,,-6.044434929112362e-05,,-0.15319759496360916,,
2020-08-15 22:11:40,16.0,control,oc,223,398.1525888902365,410.48603316865683,410.47020784899087,16.61600423076923,10.038013884615387,397.9970220650271,398.0748054776318,410.47812050882385,,0.0,,,,0.0,0.0,,,,,,,,0.0,0.0,,,4.5,0.07725715988542793,,18.365972833712558,409.9504005969636,5.429780977869029,0.2303207875521661,0.22902191003271877,0.03763415450604073,0.8058816388370846,5.546946996594495,5.488676636979858,0.22967226699547855,,0.0,,,,0.0,0.0,,,,,,,,0.0,0.0,,,0.0,,0.04582550909872327,0.22910490789761012,405.37784750482945,405.5764611293358,409.61694474920887,409.6096861848935,16.050315226244344,6.983987447963799,405.47715431708264,409.61331546705117,398.1525888902365,397.9970220650271,410.48603316865683,410.47020784899087,16.61600423076923,10.038013884615387,398.0748054776318,410.47812050882385,0.023108480047346,0.0442259396830418,-0.2881636838220127,0.12291642776414274,0.07259743115236851,0.13893988720634945,-0.905292912126607,0.38615334646933136,,,,,,,,,,,0.0007106779771781397,,-6.582181510390315,,0.0022326607121708982,,-6.582181510390315,,,,,,,,,,
2020-08-15 23:01:40,4.0,irrigation,oc,229,403.3852215862352,408.7758189131355,408.8034407032653,12.463921153846153,-8.498976461538463,402.7836036995634,403.08441264289934,408.7896298082004,,0.0,,,,0.0,0.0,18.235758258706472,19.818961691542288,19.06133313432836,18.691455024875623,26.700601562189053,,,0.0,0.0,18.235758258706472,19.818961691542288,4.599999999999998,0.08140169489163362,,13.310157888018928,408.23647204669146,3.0852838909812275,0.09278105328498296,0.1185053531500839,0.02694365251066293,0.5927423361936107,3.23715936287263,3.162133569963656,0.10642331176461514,,0.0,,,,0.0,0.0,0.021327037912592894,0.0716788879644013,0.05008993481617944,0.012972761648615761,0.02670821063900513,,,0.0,0.0,0.021327037912592894,0.0716788879644013,0.0,,0.032808139560621806,0.0989482088317554,400.4989251338731,400.4384269240695,408.62710745333226,408.61770625221453,12.390278846153844,-9.860423610859728,400.4686760289713,408.6224068527734,403.3852215862352,402.7836036995634,408.7758189131355,408.8034407032653,12.463921153846153,-8.498976461538463,403.08441264289934,408.7896298082004,0.0029077641423866383,0.007709160133841704,0.10316704803624363,0.053061964500749514,0.00913501046809369,0.024219040841824396,0.3241088402032083,0.16669907786059707,,,,,,,,,,,-0.0002576157742454248,,13.654869776709155,,-0.0008093238238182732,,13.654869776709162,,,,,,,,,0.08799125647098899,0.3757384535811622
2020-08-15 23:09:40,4.0,irrigation,cc,231,400.648356024973,410.23242516907965,410.2423723977597,13.156964615384616,-7.633245884615383,400.4691143669189,400.5587351959459,410.2373987834197,,0.0,,,,0.0,0.0,,,,,,,,0.0,0.0,,,4.599999999999998,0.08140169489163362,,14.154047431158316,409.70605229366015,4.556534416150103,0.402730394891264,0.4208494134864674,0.060279601871994166,0.39635884328394416,4.534357230137896,4.545459348408265,0.41188954818080603,,0.0,,,,0.0,0.0,,,,,,,,0.0,0.0,,,0.0,,0.07339990708729613,0.4169599930866599,414.28749087997073,414.5318247766403,408.5767041799019,408.5650070087213,12.424026538461538,-8.542909438914029,414.4096578283055,408.5708555943116,416.99036337822446,417.21109833161074,409.0866591329389,409.104044423016,12.672366692307692,-6.747738584615385,417.10073085491763,409.0953517779774,0.02894102525748037,0.07681254095960303,-0.528133509158882,0.03522576104111188,0.09092091233625697,0.2413137143822539,-1.6591803524881412,0.1106649921038666,0.019139800192732755,0.052364969059763046,-0.6370841034723532,-0.03466016100439312,0.06012945567666572,0.16450940210360837,-2.0014587391875844,-0.10888810718364084,,,0.0012744237475703173,,-6.7787420443278155,,0.004003720282927281,,-6.778742044327816,,0.001527410662087652,,-11.93272169039278,,0.004798502115029289,,-11.932721690392784,,
2020-08-15 23:11:40,4.0,irrigation,oc,233,420.3916488262218,409.16436918788975,409.1791953529536,12.724478076923077,-6.309929115384615,420.8179719896226,420.6048104079222,409.17178227042166,,0.0,,,,0.0,0.0,,,,,,,,0.0,0.0,,,4.599999999999998,0.08140169489163362,,13.627426969945017,408.62438180261483,2.7858231537889626,0.2896886227205829,0.3220486398236413,0.07243069018139978,0.7079262721855907,2.927622910017782,2.857602714466067,0.30629628184652,,0.0,,,,0.0,0.0,,,,,,,,0.0,0.0,,,0.0,,0.08819577045105725,0.3058506353914115,417.73463231649515,418.05517423978296,408.56410336154437,408.55183219784794,12.432463461538463,-8.213530895927603,417.89490327813905,408.5579677796961,420.3916488262218,420.8179719896226,409.16436918788975,409.1791953529536,12.724478076923077,-6.309929115384615,420.6048104079222,409.17178227042166,0.011530680183302411,0.028647100301730417,0.11049344082010187,0.07413764862418322,0.03622470015475626,0.08999751985456621,0.3471253819502905,0.2329102922721554,,,,,,,,,,,-0.0002644048538360865,,3.7708776321711666,,-0.0008306523463849322,,3.7708776321711666,,,,,,,,,,
