timestamp,temp.air.ambient.c,par.ambient.umol_m2_s,h2o.irga.ambient.mmol_mol,co2.irga.ambient.umol_mol,P.irga.kPa
2020-08-15 00:04:16,19.05473,-1.094908,15.77611,415.5316,93.28084
2020-08-15 00:04:18,19.04346,0.0,15.78975,414.4952,93.28629
2020-08-15 00:04:20,19.03502,-0.7299388,15.74884,414.3044,93.28084
2020-08-15 00:04:22,19.03355,0.3649694,15.74884,415.2861,93.28629
2020-08-15 00:04:24,19.08846,0.0,15.77611,415.0679,93.28629
2020-08-15 00:23:10,18.86101,-0.3649642,16.10417,414.1712,93.26515
2020-08-15 00:23:12,18.85141,-0.3649642,16.09054,412.6713,93.26515
2020-08-15 00:23:14,18.86662,0.0,16.09054,414.0894,93.26515
2020-08-15 00:23:16,18.86682,0.0,16.11781,414.6349,93.2597
2020-08-15 00:23:18,18.87098,0.0,16.10571,413.9319,93.26642
2020-08-15 00:36:28,18.39951,-0.364974,16.33508,416.1857,93.26441
2020-08-15 00:36:30,18.44571,-0.729948,16.36235,415.6949,93.26441
2020-08-15 00:36:32,18.42626,0.364974,16.34872,415.504,93.26441
2020-08-15 00:36:34,18.41048,-0.729948,16.34872,415.9948,93.26441
2020-08-15 00:36:36,18.47243,-0.364974,16.33508,414.6859,93.26441
2020-08-15 00:44:40,18.79137,-0.364967,17.71069,415.0074,93.24689
2020-08-15 00:44:42,18.84762,-1.094901,17.66979,415.8799,93.25234
2020-08-15 00:44:44,18.88449,0.364967,17.66979,415.2801,93.25234
2020-08-15 00:44:46,18.95763,-1.459868,17.69706,415.1437,93.25234
2020-08-15 00:44:48,18.95164,-0.729934,17.71069,415.6891,93.25234
2020-08-15 00:59:22,18.13708,-1.459758,16.19833,419.2656,93.25318
2020-08-15 00:59:24,18.10188,0.0,16.21197,419.102,93.25318
2020-08-15 00:59:26,18.10233,-1.459758,16.25287,419.9201,93.25318
2020-08-15 00:59:28,18.16387,-1.459758,16.23924,419.102,93.25318
2020-08-15 00:59:30,18.10891,-1.459758,16.28014,418.8838,93.25318
2020-08-15 01:07:22,18.16539,-1.459747,20.7107,411.7913,93.25267
2020-08-15 01:07:24,18.03868,-0.7298733,20.88795,412.3366,93.25267
2020-08-15 01:07:26,17.90911,-1.459747,21.0243,411.8458,93.26358
2020-08-15 01:21:50,19.09536,-2.189614,20.98377,415.0102,93.24746
2020-08-15 01:21:52,19.17828,-2.55455,20.90197,415.4465,93.25291
2020-08-15 01:21:54,19.31227,-2.189614,20.90197,415.6101,93.25291
2020-08-15 01:25:16,18.84387,-2.189604,23.57348,411.0811,93.24696
2020-08-15 01:25:18,18.83601,-2.919472,23.53258,410.9448,93.24696
2020-08-15 01:25:20,18.93722,-2.919472,23.42351,411.2992,93.24151
2020-08-15 01:25:22,18.92961,-2.919472,23.35534,411.7901,93.24151
2020-08-15 01:25:24,18.90911,-1.82467,23.27353,412.4445,93.25241
2020-08-15 01:25:26,19.03783,-2.919472,23.06902,413.4262,93.24696
2020-08-15 01:25:28,19.13197,-2.554538,22.90541,414.0533,93.24696
2020-08-15 01:25:30,19.12976,-1.82467,22.7827,413.4807,93.24696
2020-08-15 01:25:32,19.11428,-2.189604,22.63272,414.1897,93.24151
2020-08-15 01:25:34,19.12488,-2.554538,22.51002,414.4624,93.25241
2020-08-15 01:34:54,19.87608,-3.284401,23.81866,409.4444,93.24138
2020-08-15 01:34:56,19.86629,-2.189601,23.76413,409.7171,93.24683
2020-08-15 01:34:58,19.88313,-2.919467,23.73686,409.6625,93.24138
2020-08-15 01:35:00,19.87608,-3.284401,23.72322,410.5351,93.24683
2020-08-15 01:35:02,19.89435,-3.649334,23.73686,410.0443,93.24683
2020-08-15 01:42:46,20.28951,-2.919373,24.21625,409.9952,93.24258
2020-08-15 01:42:48,20.23207,-2.919373,24.25716,409.2044,93.24258
2020-08-15 01:42:50,20.19001,-3.284294,24.22989,408.7135,93.24258
2020-08-15 01:42:52,20.15636,-3.284294,24.29807,409.4498,93.23713
2020-08-15 01:42:54,20.12128,-3.284294,24.32533,408.1136,93.23713
2020-08-15 01:42:56,20.1093,-3.284294,24.35261,408.0317,93.23713
2020-08-15 01:42:58,20.06102,-3.284294,24.36624,408.768,93.24258
2020-08-15 01:43:00,20.09605,-3.284294,24.37988,408.8226,93.24258
2020-08-15 01:43:02,20.14652,-3.284294,24.43442,408.359,93.24258
2020-08-15 01:43:04,20.18017,-2.919373,24.40714,409.368,93.23167
2020-08-15 01:50:00,20.22787,-4.378975,25.12064,406.8419,93.23402
2020-08-15 01:50:02,20.15921,-4.378975,25.107,407.7147,93.23402
2020-08-15 01:50:04,20.13257,-4.01406,25.06609,407.251,93.23402
2020-08-15 01:50:06,20.09191,-4.01406,25.09336,407.4692,93.23402
2020-08-15 01:50:08,20.0835,-3.649146,25.09336,407.6056,93.23402
2020-08-15 01:50:10,20.0835,-4.01406,25.09336,409.3785,93.23402
2020-08-15 01:50:12,20.11852,-3.649146,25.05245,408.5876,93.23402
2020-08-15 01:50:14,20.09806,-3.649146,25.03881,408.3966,93.23402
2020-08-15 01:50:16,20.15921,-3.649146,24.98426,408.9694,93.23402
2020-08-15 01:50:18,20.12556,-4.01406,24.92971,408.3148,93.22856
2020-08-15 01:53:56,20.56834,-4.379033,25.39181,406.5111,93.22774
2020-08-15 01:53:58,20.62628,-4.014113,25.37817,406.6747,93.22228
2020-08-15 01:54:00,20.65238,-4.014113,25.35089,408.0111,93.23319
2020-08-15 01:54:02,20.63331,-3.649194,25.39181,406.6747,93.22228
2020-08-15 01:54:04,20.7196,-4.379033,25.36453,407.602,93.22228
2020-08-15 01:54:06,20.74337,-3.649194,25.37817,406.6202,93.22228
2020-08-15 01:54:08,20.71119,-3.284275,25.40544,407.3293,93.22228
2020-08-15 01:54:10,20.66918,-4.379033,25.33726,407.3293,93.22228
2020-08-15 01:54:12,20.67533,-4.014113,25.33726,406.702,93.22228
2020-08-15 01:54:14,20.6767,-4.379033,25.36453,406.702,93.22774
2020-08-15 01:57:14,20.11846,-4.014251,24.57127,410.8691,93.22103
2020-08-15 01:57:16,20.14507,-3.64932,24.47582,411.0327,93.22103
2020-08-15 01:57:18,20.1619,-3.284388,24.43492,411.5236,93.22103
2020-08-15 01:57:20,20.15211,-4.014251,24.32583,412.2599,93.22103
2020-08-15 01:57:22,20.16333,-3.64932,24.23038,411.1964,93.22649
2020-08-15 01:57:24,20.18713,-3.64932,24.17584,412.2872,93.22103
2020-08-15 01:57:26,20.17872,-3.64932,24.09403,411.5782,93.22103
2020-08-15 01:57:28,20.21099,-3.64932,24.05312,411.8509,93.22103
2020-08-15 01:57:30,20.28948,-3.284388,23.97131,412.5599,93.22103
2020-08-15 01:57:32,20.33994,-3.64932,23.91677,412.4508,93.22649
2020-08-15 02:03:16,20.82406,-3.28451,26.08268,404.5378,93.2254
2020-08-15 02:03:18,20.80411,-4.379347,26.08268,405.683,93.21995
2020-08-15 02:03:20,20.83298,-4.379347,26.06904,404.9195,93.21995
2020-08-15 02:03:22,20.84275,-4.379347,26.06904,405.3013,93.21995
2020-08-15 02:03:24,20.79571,-4.014401,26.09631,405.0286,93.21995
2020-08-15 02:03:26,20.8316,-4.014401,26.05541,405.2467,93.2254
2020-08-15 02:03:28,20.83576,-4.014401,26.08268,405.3286,93.2254
2020-08-15 02:03:30,20.80686,-3.649456,26.06904,405.4649,93.2254
2020-08-15 02:03:32,20.79006,-3.28451,26.12358,405.2467,93.2254
2020-08-15 02:03:34,20.80497,-4.014401,26.09631,404.8922,93.21995
2020-08-15 02:06:54,20.35241,-4.3793,25.60643,408.6848,93.2259
2020-08-15 02:06:56,20.33419,-3.649416,25.57916,409.2302,93.22044
2020-08-15 02:06:58,20.30896,-4.014358,25.48371,407.894,93.2259
2020-08-15 02:07:00,20.31737,-3.284475,25.47008,410.3755,93.23135
2020-08-15 02:07:02,20.33419,-4.744241,25.38827,409.9938,93.2259
2020-08-15 02:07:04,20.36082,-4.014358,25.30646,409.7756,93.22044
2020-08-15 02:07:06,20.3426,-4.014358,25.25192,410.2937,93.23135
2020-08-15 02:07:08,20.38604,-4.014358,25.14284,408.7939,93.23135
2020-08-15 02:07:10,20.39305,-4.014358,25.0883,409.9665,93.23135
2020-08-15 02:07:12,20.42719,-3.649416,24.97922,409.9392,93.2259
2020-08-15 02:18:36,20.69415,-3.649448,24.81594,408.9583,93.23154
2020-08-15 02:18:38,20.65072,-4.014393,24.82958,408.6856,93.22063
2020-08-15 02:18:40,20.66096,-3.649448,24.87049,408.1402,93.22063
2020-08-15 02:18:42,20.64513,-4.014393,24.87049,408.522,93.22063
2020-08-15 02:18:44,20.62735,-4.014393,24.92503,407.513,93.22608
2020-08-15 02:24:58,20.54701,-3.284483,24.68231,409.783,93.22208
2020-08-15 02:25:00,20.51338,-3.649426,24.70958,409.783,93.22208
2020-08-15 02:25:02,20.53158,-4.014369,24.69595,409.6739,93.22208
2020-08-15 02:25:04,20.51476,-2.919541,24.68231,409.3194,93.22208
2020-08-15 02:25:06,20.48675,-3.649426,24.70958,409.6739,93.22208
2020-08-15 02:55:06,20.25058,-4.379312,25.64615,408.9275,93.22529
2020-08-15 02:55:08,20.23206,-4.379312,25.65978,409.2547,93.21983
2020-08-15 02:55:10,20.2685,-4.014369,25.63251,409.9092,93.21983
2020-08-15 02:55:12,20.2685,-4.379312,25.65978,409.5002,93.21983
2020-08-15 02:55:14,20.24498,-4.014369,25.65978,409.0911,93.21983
2020-08-15 03:03:08,20.24633,-4.014428,25.85039,408.2997,93.2197
2020-08-15 03:03:10,20.24633,-3.64948,25.79585,408.8996,93.22514
2020-08-15 03:03:12,20.22252,-4.014428,25.85039,408.4633,93.2306
2020-08-15 03:03:14,20.21019,-3.64948,25.85039,407.6725,93.2197
2020-08-15 03:03:16,20.24942,-4.014428,25.80949,408.1906,93.22514
2020-08-15 03:11:28,20.32505,-3.284552,25.89199,409.2284,93.2255
2020-08-15 03:11:30,20.2996,-4.014452,25.85108,408.7921,93.22005
2020-08-15 03:11:32,20.30801,-4.014452,25.86472,409.2012,93.2255
2020-08-15 03:11:34,20.28278,-3.284552,25.90562,408.574,93.22005
2020-08-15 03:11:36,20.28133,-4.744352,25.85108,409.5011,93.22005
2020-08-15 03:19:32,20.46238,-4.014414,26.27231,409.825,93.23022
2020-08-15 03:19:34,20.46238,-4.379362,26.29957,409.9886,93.23022
2020-08-15 03:19:36,20.42875,-4.379362,26.29957,409.7433,93.22477
2020-08-15 03:19:38,20.46238,-4.379362,26.28594,409.4978,93.23022
2020-08-15 03:19:40,20.4736,-4.379362,26.28594,409.9069,93.22477
2020-08-15 03:37:06,20.54246,-4.014387,26.47997,412.3411,93.2318
2020-08-15 03:37:08,20.53425,-4.014387,26.4527,412.0684,93.2318
2020-08-15 03:37:10,20.50883,-4.379331,26.4936,410.7321,93.2318
2020-08-15 03:37:12,20.52565,-4.014387,26.47997,413.0229,93.22635
2020-08-15 03:37:14,20.53548,-4.379331,26.4527,411.7957,93.22635
2020-08-15 03:56:46,20.43134,-4.01438,26.12557,415.0139,93.23186
2020-08-15 03:56:48,20.40611,-4.01438,26.15284,415.5321,93.24277
2020-08-15 03:56:50,20.41452,-3.649436,26.15284,414.3049,93.23732
2020-08-15 03:56:52,20.40611,-4.01438,26.12557,414.6594,93.23732
2020-08-15 03:56:54,20.41441,-4.01438,26.13921,416.2684,93.23186
2020-08-15 04:31:34,20.4977,-4.014351,26.06832,417.4068,93.2523
2020-08-15 04:31:36,20.53132,-4.379292,26.06832,416.6432,93.2523
2020-08-15 04:31:38,20.49076,-4.744233,26.08195,417.2977,93.2523
2020-08-15 04:31:40,20.52291,-4.379292,26.04105,416.8341,93.2523
2020-08-15 04:31:42,20.52438,-4.379292,26.04105,417.5158,93.24685
2020-08-15 04:36:22,20.45014,-4.379281,25.97233,418.3325,93.25203
2020-08-15 04:36:24,20.44181,-4.014341,25.97233,417.9507,93.25203
2020-08-15 04:36:26,20.44035,-4.379281,25.9587,417.8144,93.25203
2020-08-15 04:36:28,20.46704,-4.379281,25.9996,417.5417,93.25203
2020-08-15 04:36:30,20.45716,-3.649401,25.98597,417.7053,93.25203
2020-08-15 04:45:36,20.52871,-4.379264,26.07301,420.3644,93.26559
2020-08-15 04:45:38,20.57079,-4.014326,26.11392,419.928,93.26559
2020-08-15 04:45:40,20.56526,-4.014326,26.11392,419.1098,93.26559
2020-08-15 04:45:42,20.55398,-4.014326,26.11392,419.1644,93.27105
2020-08-15 04:45:44,20.5792,-4.014326,26.07301,419.628,93.2765
2020-08-15 04:50:40,20.47845,-4.014362,26.09867,416.4875,93.27023
2020-08-15 04:50:42,20.5079,-4.014362,26.11231,415.7239,93.27569
2020-08-15 04:50:44,20.52472,-4.014362,26.09867,415.833,93.27569
2020-08-15 04:50:46,20.51631,-4.379304,26.12594,416.133,93.27023
2020-08-15 04:50:48,20.53167,-4.744246,26.12594,416.5693,93.26478
2020-08-15 04:53:14,20.55281,-3.284488,26.08412,416.9215,93.26431
2020-08-15 04:53:16,20.51636,-3.649431,26.08412,416.3761,93.26431
2020-08-15 04:53:18,20.49808,-4.014374,26.12502,417.9032,93.26431
2020-08-15 04:53:20,20.55134,-2.919545,26.04321,416.4306,93.26431
2020-08-15 04:53:22,20.54293,-2.919545,26.08412,416.867,93.26431
2020-08-15 04:58:46,20.62132,-2.91956,26.13685,414.0264,93.26885
2020-08-15 04:58:48,20.59611,-2.554615,26.13685,412.663,93.26885
2020-08-15 04:58:50,20.62132,-4.014396,26.12322,413.5901,93.26885
2020-08-15 04:58:52,20.64653,-3.649451,26.12322,412.963,93.2634
2020-08-15 04:58:54,20.64941,-4.014396,26.15049,413.9719,93.2634
2020-08-15 05:14:04,20.64977,1.459802,26.09511,409.5525,93.27388
2020-08-15 05:14:06,20.60775,0.7299009,26.12238,409.5252,93.27388
2020-08-15 05:14:08,20.56138,1.094851,26.12238,410.5614,93.27388
2020-08-15 05:14:10,20.55297,1.094851,26.13601,410.4796,93.28479
2020-08-15 05:14:12,20.56138,1.459802,26.13601,410.4796,93.27388
2020-08-15 05:21:00,20.56437,4.744421,26.00048,409.7725,93.28519
2020-08-15 05:21:02,20.56578,4.379465,26.00048,409.2816,93.27428
2020-08-15 05:21:04,20.55738,4.379465,26.00048,409.6634,93.27974
2020-08-15 05:21:06,20.57419,5.474331,26.01411,409.3907,93.27428
2020-08-15 05:21:08,20.53075,5.109376,26.01411,409.3362,93.27428
2020-08-15 05:33:44,20.50963,14.23301,25.78218,408.6269,93.28512
2020-08-15 05:33:46,20.49979,14.23301,25.78218,408.3542,93.28512
2020-08-15 05:33:48,20.48298,14.59796,25.74128,408.4633,93.28512
2020-08-15 05:33:50,20.51804,15.32785,25.78218,408.2724,93.28512
2020-08-15 05:33:52,20.49979,16.05775,25.75491,408.845,93.28512
2020-08-15 05:45:16,20.44084,21.89662,25.59008,407.8606,93.28448
2020-08-15 05:45:18,20.40146,20.80178,25.57644,407.5334,93.29539
2020-08-15 05:45:20,20.3861,20.80178,25.56281,408.1878,93.28448
2020-08-15 05:45:22,20.40292,20.43684,25.56281,408.515,93.29539
2020-08-15 05:45:24,20.41271,20.43684,25.56281,407.6152,93.28993
2020-08-15 06:02:08,20.58485,29.19571,25.87826,406.3377,93.28545
2020-08-15 06:02:10,20.59038,29.19571,25.85099,406.2014,93.28545
2020-08-15 06:02:12,20.63672,29.19571,25.85099,406.4468,93.2909
2020-08-15 06:02:14,20.60028,28.83076,25.87826,407.5921,93.2909
2020-08-15 06:02:16,20.59326,28.83076,25.85099,405.9286,93.2909
2020-08-15 06:04:24,20.5835,31.38539,25.9596,405.3278,93.29611
2020-08-15 06:04:26,20.57501,31.02044,25.9596,405.5732,93.28521
2020-08-15 06:04:28,20.60597,31.02044,25.94596,404.2097,93.29611
2020-08-15 06:04:30,20.60313,31.02044,25.9596,405.6823,93.29066
2020-08-15 06:04:32,20.58486,31.02044,25.9596,405.9549,93.28521
2020-08-15 06:08:20,20.74329,31.75095,26.03207,406.346,93.29831
2020-08-15 06:08:22,20.73624,31.38599,26.04571,404.0551,93.29831
2020-08-15 06:08:24,20.72784,30.29113,26.01843,404.8187,93.29831
2020-08-15 06:08:26,20.73624,31.02104,26.03207,405.6369,93.29831
2020-08-15 06:08:28,20.74464,31.75095,26.01843,404.9278,93.29831
2020-08-15 06:12:16,20.70953,38.68551,26.08439,404.8686,93.29718
2020-08-15 07:30:42,23.93277,61.31638,25.00464,404.0449,93.30672
2020-08-15 07:30:44,23.93128,62.04634,25.00464,403.2814,93.30672
2020-08-15 07:30:46,23.99802,60.9512,25.00439,403.6626,93.30659
2020-08-15 07:40:16,24.29656,61.31482,25.79519,403.4446,93.30661
2020-08-15 07:40:18,24.32407,60.94985,25.82245,402.7629,93.31752
2020-08-15 07:40:20,24.31324,61.67979,25.84972,403.39,93.31207
2020-08-15 07:40:22,24.24797,60.94985,25.80882,403.1174,93.30661
2020-08-15 07:40:24,24.24604,60.58488,25.84972,403.6354,93.30661
2020-08-15 07:40:26,24.28134,60.58488,25.82245,403.4446,93.30661
2020-08-15 07:40:28,24.24604,60.58488,25.86336,403.4991,93.30661
2020-08-15 07:40:30,24.23275,59.85495,25.84972,404.3171,93.30661
2020-08-15 07:40:32,24.24065,60.94985,25.86336,403.5264,93.30661
2020-08-15 07:40:34,24.26764,61.31482,25.84972,403.9354,93.30661
2020-08-15 07:59:36,25.3194,106.9392,24.86754,403.5252,93.30631
2020-08-15 07:59:38,25.3315,96.71976,24.82664,403.4979,93.30631
2020-08-15 07:59:40,25.28988,111.684,24.81301,403.8524,93.30631
2020-08-15 07:59:42,25.36479,102.9244,24.7721,403.7706,93.30631
2020-08-15 07:59:44,25.45788,108.0342,24.7721,403.9887,93.30631
2020-08-15 08:09:56,25.63507,93.06871,24.71726,403.7972,93.30615
2020-08-15 08:09:58,25.69732,96.35405,24.71723,403.7426,93.31158
2020-08-15 08:10:00,25.71241,96.71902,24.7445,403.6063,93.31158
2020-08-15 08:10:02,25.72662,99.27386,24.75813,403.8244,93.31704
2020-08-15 08:10:04,25.72073,98.54391,24.75813,403.4972,93.31704
2020-08-15 08:18:36,26.29991,71.53798,24.0764,403.497,93.317
2020-08-15 08:18:38,26.28482,70.80799,24.03549,403.4425,93.31155
2020-08-15 08:18:40,26.23088,72.26795,24.06276,402.8427,93.31155
2020-08-15 08:18:42,26.1836,74.0929,24.0764,402.5972,93.31155
2020-08-15 08:18:44,26.17156,71.17299,24.09003,404.0696,93.31155
2020-08-15 08:29:28,26.56462,108.7681,23.57193,404.4785,93.32243
2020-08-15 08:29:30,26.57569,109.4981,23.55829,403.2788,93.31698
2020-08-15 08:29:32,26.49422,106.5782,23.50376,404.4785,93.31698
2020-08-15 08:29:34,26.45113,105.1182,23.44923,403.2243,93.31698
2020-08-15 08:29:36,26.45427,132.8577,23.3947,402.4063,93.31698
2020-08-15 09:12:16,28.62095,88.6992,24.02305,404.2086,93.30676
2020-08-15 09:12:18,28.59948,87.23913,24.03669,403.9633,93.3013
2020-08-15 09:12:20,28.52173,83.95397,24.09122,404.2632,93.3013
2020-08-15 09:12:22,28.42744,84.31899,24.10486,405.3812,93.3013
2020-08-15 09:12:24,28.7383,85.04903,24.15939,404.8086,93.30676
2020-08-15 09:32:38,28.76592,81.77098,21.36447,405.0813,93.31223
2020-08-15 09:32:40,28.75136,81.77098,21.37811,403.7997,93.31223
2020-08-15 09:32:42,28.76127,81.77098,21.36447,404.6178,93.31769
2020-08-15 09:32:44,28.74474,83.59622,21.35084,405.0813,93.31769
2020-08-15 09:32:46,28.66869,82.86613,21.35084,404.3724,93.31223
2020-08-15 09:44:10,28.9975,86.5188,21.93623,404.0703,93.31716
2020-08-15 09:44:12,29.04167,87.97903,21.93623,405.0792,93.31716
2020-08-15 09:44:14,29.07351,87.97903,21.94987,403.0341,93.31716
2020-08-15 09:44:16,29.10815,89.80432,21.93623,404.9974,93.31716
2020-08-15 09:44:18,29.09989,89.80432,21.93623,405.2973,93.31716
2020-08-15 09:55:38,29.3194,95.28199,23.39579,403.6631,93.30669
2020-08-15 09:55:40,29.38875,104.0436,23.39579,404.2902,93.30669
2020-08-15 09:55:42,29.34417,97.47238,23.38216,403.6085,93.30669
2020-08-15 09:55:44,29.25662,119.7414,23.39579,404.4266,93.30124
2020-08-15 09:55:46,29.35571,148.9466,23.38216,405.6263,93.30124
2020-08-15 10:05:52,29.2634,167.9305,21.59853,403.7781,93.30818
2020-08-15 10:05:54,29.35092,110.6151,21.61217,404.8145,93.30818
2020-08-15 10:05:56,29.41036,105.8692,21.59853,404.569,93.30818
2020-08-15 10:05:58,29.49458,102.2186,21.59853,404.7054,93.30818
2020-08-15 10:06:00,29.47807,100.0282,21.59853,404.7326,93.30818
2020-08-15 10:26:46,30.76369,104.7801,22.17113,405.4688,93.30814
2020-08-15 10:26:48,30.79491,100.7641,22.22567,404.2143,93.29723
2020-08-15 10:26:50,30.83607,108.0659,22.21204,403.5325,93.29723
2020-08-15 10:26:52,30.84354,110.9866,22.21204,403.6689,93.29723
2020-08-15 10:26:54,30.92179,125.9552,22.25294,404.2143,93.29723
2020-08-15 10:31:36,30.45473,162.8301,22.66198,403.8051,93.30266
2020-08-15 10:31:38,30.44984,197.8787,22.67561,404.3233,93.30811
2020-08-15 10:31:40,30.44649,197.1485,22.6347,404.2687,93.30266
2020-08-15 10:31:42,30.59811,165.3857,22.66198,403.9688,93.29721
2020-08-15 10:31:44,30.66153,212.4823,22.6347,402.7416,93.30811
2020-08-15 10:46:16,30.54166,110.9874,22.42852,403.7466,93.29623
2020-08-15 10:46:18,30.62981,106.9714,22.40125,404.1011,93.30168
2020-08-15 10:46:20,30.65714,109.8921,22.44216,404.2648,93.30168
2020-08-15 10:46:22,30.68506,110.2572,22.44216,403.3649,93.29623
2020-08-15 10:46:24,30.68413,110.9874,22.45579,405.1919,93.29623
2020-08-15 10:55:16,30.65172,108.7993,22.4431,404.158,93.29678
2020-08-15 10:55:18,30.70599,110.6248,22.4022,404.2125,93.30225
2020-08-15 10:55:20,30.78833,114.2758,22.4022,403.9943,93.29678
2020-08-15 10:55:22,30.84932,105.1484,22.4022,404.8943,93.29678
2020-08-15 10:55:24,30.93815,105.5135,22.41583,403.558,93.29678
2020-08-15 11:09:46,31.08843,499.8305,22.04544,404.0434,93.28452
2020-08-15 11:09:48,31.09157,485.5913,22.05907,404.4524,93.27907
2020-08-15 11:09:50,31.01272,564.4543,22.05907,404.0979,93.28452
2020-08-15 11:09:52,31.06715,781.3274,22.03181,403.7434,93.28998
2020-08-15 11:09:54,31.04078,718.8942,22.01817,405.2977,93.28452
2020-08-15 11:28:02,31.98383,443.9831,21.37967,403.9946,93.28049
2020-08-15 11:28:04,31.90482,340.2897,21.37967,404.4036,93.28049
2020-08-15 11:28:06,31.93284,281.5057,21.3524,404.5672,93.28049
2020-08-15 11:28:08,31.97562,180.7332,21.29786,404.3218,93.28049
2020-08-15 11:28:10,32.01707,250.4707,21.32513,404.2946,93.28593
2020-08-15 11:49:00,33.64853,1865.083,21.06846,405.4189,93.27654
2020-08-15 11:49:02,33.72047,1923.139,21.08209,403.9189,93.27108
2020-08-15 11:49:04,33.78594,1923.869,21.06846,403.8371,93.26563
2020-08-15 11:49:06,33.75492,1890.277,21.10937,404.5189,93.26563
2020-08-15 11:49:08,33.72219,1692.012,21.06846,404.928,93.27108
2020-08-15 11:52:32,34.22763,1790.973,20.78284,405.0663,93.26611
2020-08-15 11:52:34,34.2457,1799.736,20.76921,405.4209,93.26611
2020-08-15 11:52:36,34.2784,1827.486,20.76921,405.6391,93.26611
2020-08-15 11:52:38,34.28657,1856.332,20.78284,404.7663,93.26611
2020-08-15 11:52:40,34.2784,1873.128,20.83739,404.7118,93.26611
2020-08-15 11:57:16,35.55573,1861.1,21.72163,404.9518,93.25388
2020-08-15 11:57:18,35.66795,1866.212,21.69436,404.7336,93.25388
2020-08-15 11:57:20,35.72501,1860.37,21.65345,403.8882,93.25933
2020-08-15 11:57:22,35.69412,1855.258,21.61255,404.9245,93.26479
2020-08-15 11:57:24,35.69241,1867.307,21.62618,404.9245,93.25388
2020-08-15 12:14:18,35.73865,1865.508,20.658,404.5153,93.26476
2020-08-15 13:13:06,33.06328,101.1459,22.1157,403.8849,93.21488
2020-08-15 13:13:08,33.08144,101.1459,22.12934,403.6394,93.20943
2020-08-15 13:13:10,33.10634,101.8762,22.14297,404.7848,93.22034
2020-08-15 13:19:56,33.68441,82.15749,20.92992,403.9951,93.21516
2020-08-15 13:19:58,33.94152,83.25291,20.88902,404.1587,93.21516
2020-08-15 13:20:00,34.08707,82.52263,20.90265,403.5315,93.21516
2020-08-15 13:20:02,34.14901,83.25291,20.94356,404.6496,93.20972
2020-08-15 13:20:04,34.33058,83.61806,20.91629,403.5042,93.20972
2020-08-15 13:20:06,34.3487,83.25291,20.90265,403.8588,93.20972
2020-08-15 13:20:08,34.35687,82.88777,20.95719,404.7041,93.20972
2020-08-15 13:20:10,34.32762,84.71349,20.95719,405.4677,93.20972
2020-08-15 13:20:12,34.30783,85.07864,20.99809,405.5768,93.20972
2020-08-15 13:20:14,34.21613,84.71349,20.99809,404.6768,93.20972
2020-08-15 13:22:46,33.35406,101.1446,19.40358,403.9973,93.22116
2020-08-15 13:22:48,33.32774,98.58858,19.38994,403.9428,93.21571
2020-08-15 13:22:50,33.40145,103.3354,19.38994,404.1609,93.22116
2020-08-15 13:22:52,33.23764,108.4474,19.41721,404.7064,93.21571
2020-08-15 13:22:54,33.17209,107.7171,19.40358,404.87,93.21571
2020-08-15 13:22:56,33.11125,108.8126,19.38994,404.6245,93.21571
2020-08-15 13:22:58,33.12119,106.9869,19.37631,404.2973,93.21025
2020-08-15 13:23:00,33.18029,109.5429,19.41721,405.1154,93.21025
2020-08-15 13:23:02,33.20313,105.5263,19.40358,405.6881,93.22116
2020-08-15 13:23:04,33.25402,104.4309,19.40358,404.9791,93.21025
2020-08-15 13:30:18,33.55676,73.75876,20.52067,403.7764,93.20959
2020-08-15 13:30:20,33.59924,73.02847,20.57521,404.7036,93.20413
2020-08-15 13:30:22,33.74151,71.93304,20.56158,403.0402,93.20959
2020-08-15 13:30:24,33.66611,73.02847,20.53431,405.3036,93.19868
2020-08-15 13:30:26,33.66124,74.85419,20.56158,404.9763,93.20959
2020-08-15 13:30:28,33.73684,73.39362,20.53431,405.1945,93.20959
2020-08-15 13:30:30,33.74151,74.85419,20.54795,404.6491,93.20959
2020-08-15 13:30:32,33.74796,74.1239,20.56158,404.5127,93.20959
2020-08-15 13:30:34,33.84145,74.48904,20.56158,404.4309,93.20959
2020-08-15 13:30:36,33.9116,74.85419,20.58885,405.0036,93.20413
2020-08-15 13:36:50,32.21352,62.43876,18.18995,405.1698,93.21021
2020-08-15 13:36:52,32.28071,62.07361,18.16268,404.8698,93.21021
2020-08-15 13:36:54,32.34786,62.43876,18.17631,405.2516,93.1993
2020-08-15 13:36:56,32.35606,62.80389,18.16268,404.3789,93.21021
2020-08-15 13:36:58,32.39061,63.53417,18.17631,405.4971,93.21021
2020-08-15 13:37:00,32.44456,63.53417,18.18995,405.3062,93.20476
2020-08-15 13:37:02,32.59574,64.62959,18.17631,405.088,93.21021
2020-08-15 13:37:04,32.63326,66.45528,18.20358,405.0334,93.21021
2020-08-15 13:37:06,32.65993,70.10667,18.18995,405.5789,93.21021
2020-08-15 13:37:08,32.6549,70.10667,18.18995,404.9789,93.21021
2020-08-15 13:40:36,33.72042,70.1068,17.72643,404.5974,93.21574
2020-08-15 13:40:38,33.92676,70.1068,17.72643,405.361,93.21028
2020-08-15 13:40:40,33.96766,70.47194,17.68552,405.0065,93.21028
2020-08-15 13:40:42,34.05763,70.1068,17.72643,404.9247,93.21028
2020-08-15 13:40:44,34.03661,71.56736,17.74007,405.661,93.21028
2020-08-15 13:45:16,32.9628,74.12501,19.39111,404.6278,93.20014
2020-08-15 13:45:18,33.03015,71.93411,19.43202,405.037,93.20014
2020-08-15 13:45:20,32.98917,71.20383,19.41839,404.6824,93.20014
2020-08-15 13:45:22,33.07811,70.10838,19.37748,405.2824,93.20014
2020-08-15 13:45:24,33.07755,73.02956,19.43202,405.1733,93.2056
2020-08-15 13:45:26,33.13491,71.56897,19.40475,404.7642,93.2056
2020-08-15 13:45:28,33.12355,70.47353,19.43202,404.8733,93.2056
2020-08-15 13:45:30,33.15482,70.83868,19.43202,404.9551,93.20014
2020-08-15 13:45:32,33.18407,70.10838,19.41839,403.6733,93.2056
2020-08-15 13:45:34,33.36606,69.01294,19.44566,404.1642,93.21104
2020-08-15 13:47:06,32.66967,68.28358,19.2006,405.5563,93.20041
2020-08-15 13:47:08,32.69286,77.41241,19.21424,404.5471,93.20041
2020-08-15 13:47:10,32.72886,71.20481,19.2006,405.2017,93.19495
2020-08-15 13:47:12,32.73058,73.39572,19.13241,404.9563,93.20041
2020-08-15 13:47:14,32.77158,86.54123,19.10514,404.2744,93.19495
2020-08-15 13:47:16,32.70248,67.55328,19.0915,405.2017,93.20041
2020-08-15 13:47:18,32.72391,66.82298,19.10514,405.3926,93.19495
2020-08-15 13:47:20,32.89631,66.09267,19.07787,404.7654,93.19495
2020-08-15 13:47:22,33.02921,78.50787,19.0915,404.6563,93.20041
2020-08-15 13:47:24,32.96014,93.11398,19.07787,404.7654,93.20041
2020-08-15 13:50:44,32.81575,79.96841,19.30921,405.1458,93.20008
2020-08-15 13:50:46,32.91591,90.19268,19.36376,405.064,93.19463
2020-08-15 13:50:48,33.02247,77.41234,19.3774,405.2003,93.20008
2020-08-15 13:50:50,33.01599,75.95173,19.36376,404.8185,93.19463
2020-08-15 13:50:52,32.99141,70.10929,19.3774,404.7913,93.19463
2020-08-15 13:50:54,32.95512,71.5699,19.4183,404.6003,93.19463
2020-08-15 13:50:56,32.92411,70.83959,19.36376,404.4367,93.19463
2020-08-15 13:50:58,32.81226,70.83959,19.3774,404.4913,93.20008
2020-08-15 13:51:00,32.70914,81.79417,19.39103,404.8731,93.19463
2020-08-15 13:51:02,32.7156,71.5699,19.39103,405.0367,93.19463
2020-08-15 13:51:18,32.80113,70.10929,19.54103,404.6549,93.19463
2020-08-15 13:51:20,32.86494,71.20474,19.55467,404.7913,93.19463
2020-08-15 13:51:22,32.86347,71.5699,19.55467,404.8458,93.19463
2020-08-15 13:51:24,32.86672,67.91837,19.55467,404.8185,93.19463
2020-08-15 13:51:26,32.91934,68.64868,19.58194,404.3822,93.19463
2020-08-15 13:51:28,32.85033,67.91837,19.59558,403.7549,93.19463
2020-08-15 13:51:30,32.84707,70.10929,19.59558,404.7913,93.19463
2020-08-15 13:51:32,32.78473,82.88963,19.62285,404.9004,93.19463
2020-08-15 13:51:34,32.74562,83.98545,19.65055,404.9288,93.19492
2020-08-15 13:51:36,32.72575,78.14299,19.65055,404.4379,93.19492
2020-08-15 13:52:54,32.94888,68.64898,19.36418,404.2742,93.20037
2020-08-15 13:52:56,32.97519,75.95206,19.36418,404.6015,93.19492
2020-08-15 13:52:58,32.97519,69.74445,19.32326,405.2561,93.20037
2020-08-15 13:53:00,33.08173,67.18836,19.3369,404.1924,93.19492
2020-08-15 13:53:02,33.19299,67.91867,19.3369,405.3652,93.19492
2020-08-15 13:53:04,33.25034,67.91867,19.29599,404.4924,93.19492
2020-08-15 13:53:06,33.31933,68.28383,19.28235,404.2742,93.20037
2020-08-15 13:53:08,33.35038,67.55352,19.30963,405.6924,93.20037
2020-08-15 13:53:10,33.35683,67.18836,19.30963,405.1197,93.20037
2020-08-15 13:53:12,33.40942,66.82321,19.3369,404.8743,93.20037
2020-08-15 13:58:32,33.25754,65.36401,19.02193,404.8159,93.19398
2020-08-15 13:58:34,33.21658,66.4595,19.03556,404.7341,93.18308
2020-08-15 13:58:36,33.21014,64.63369,19.03556,404.7068,93.19398
2020-08-15 13:58:38,33.22182,64.63369,19.02193,404.5704,93.19398
2020-08-15 13:58:40,33.25631,66.82465,19.02193,404.1886,93.19398
2020-08-15 13:58:42,33.2151,64.63369,19.00829,405.1431,93.18308
2020-08-15 13:58:44,33.17212,64.99885,18.96738,404.5159,93.18854
2020-08-15 13:58:46,33.19375,64.63369,18.95375,404.5159,93.18308
2020-08-15 13:58:48,33.2332,65.36401,18.94011,404.4341,93.19398
2020-08-15 13:58:50,33.2511,64.99885,18.96738,403.425,93.19398
2020-08-15 14:04:34,33.02537,65.36386,18.55764,404.4594,93.19352
2020-08-15 14:04:36,33.0289,64.9987,18.48947,405.7684,93.19352
2020-08-15 14:04:38,33.00553,66.09421,18.39347,405.8213,93.18221
2020-08-15 14:04:40,32.9678,65.72905,18.33893,404.8123,93.19312
2020-08-15 14:04:42,32.92708,65.72905,18.27076,405.1122,93.19312
2020-08-15 14:04:44,32.90221,66.09421,18.21622,403.8033,93.18767
2020-08-15 14:04:46,32.89875,66.82452,18.20258,406.0667,93.19312
2020-08-15 14:04:48,32.97922,65.72905,18.14804,405.7122,93.19312
2020-08-15 14:04:50,33.01845,66.09421,18.07987,404.8668,93.19312
2020-08-15 14:04:52,32.98217,65.72905,18.03896,406.0667,93.17676
2020-08-15 14:12:24,33.35821,72.66921,18.80304,404.8138,93.19348
2020-08-15 14:12:26,33.35324,77.41644,18.7485,404.9501,93.19348
2020-08-15 14:12:28,33.35468,74.1299,18.73486,403.7502,93.19348
2020-08-15 14:12:30,33.31201,63.17474,18.73486,404.7592,93.19348
2020-08-15 14:12:32,33.30409,63.53991,18.69395,404.2957,93.19348
2020-08-15 14:12:34,33.31372,71.20853,18.73486,405.2228,93.18258
2020-08-15 14:12:36,33.48454,67.19163,18.69395,404.5411,93.19348
2020-08-15 14:12:38,33.51847,77.05127,18.69395,404.6501,93.19348
2020-08-15 14:12:40,33.57578,69.38266,18.63941,404.5411,93.19348
2020-08-15 14:12:42,33.51175,73.76472,18.65305,404.6501,93.19348
2020-08-15 14:29:28,33.52787,58.42876,19.02305,404.7919,93.20023
2020-08-15 14:29:30,33.49215,58.06358,18.99578,404.7919,93.19477
2020-08-15 14:29:32,33.36234,59.5243,19.03669,404.9828,93.18386
2020-08-15 14:29:34,33.33952,74.49667,19.02305,404.8737,93.20023
2020-08-15 14:29:36,33.34421,60.25466,18.99578,405.2555,93.20023
2020-08-15 14:42:38,33.38222,80.34284,18.68052,404.6235,93.18272
2020-08-15 14:42:40,33.32819,92.39427,18.68052,404.6235,93.19363
2020-08-15 14:42:42,33.24627,103.3501,18.62598,404.0781,93.18817
2020-08-15 14:42:44,33.21525,106.6369,18.62598,404.6508,93.19363
2020-08-15 14:42:46,33.1368,97.87218,18.63961,404.5144,93.19363
2020-08-15 14:55:46,33.08334,56.60364,18.22952,405.3294,93.17652
2020-08-15 14:55:48,33.13076,55.50808,18.21589,405.4657,93.18743
2020-08-15 14:55:50,33.1419,55.87327,18.24315,405.5748,93.18198
2020-08-15 14:55:52,33.2127,56.96882,18.28406,405.6293,93.18198
2020-08-15 14:55:54,33.33034,56.60364,18.28406,405.5748,93.17652
2020-08-15 15:03:18,33.01857,55.50856,18.48747,405.2715,93.17574
2020-08-15 15:03:20,33.04497,55.14337,18.46021,405.4897,93.17574
2020-08-15 15:03:22,33.04144,55.87374,18.43294,405.7351,93.17574
2020-08-15 15:03:24,33.08063,55.50856,18.44657,405.626,93.18664
2020-08-15 15:03:26,33.02858,55.50856,18.47384,405.4624,93.17574
2020-08-15 15:14:28,32.54227,54.77819,20.62865,406.2823,93.17616
2020-08-15 15:14:30,32.36815,53.31744,20.62865,405.4642,93.18161
2020-08-15 15:14:32,32.39278,53.31744,20.65592,405.8459,93.17616
2020-08-15 15:14:34,32.4174,54.04782,20.66955,406.3914,93.17616
2020-08-15 15:14:36,32.42561,54.77819,20.68319,406.0914,93.17616
2020-08-15 15:18:48,31.85537,54.04795,21.46123,406.9391,93.1767
2020-08-15 15:18:50,31.9328,58.06503,21.39306,407.7026,93.1767
2020-08-15 15:18:52,32.01146,56.60427,21.37942,406.7755,93.1767
2020-08-15 15:18:54,32.12993,82.53268,21.31125,406.121,93.1767
2020-08-15 15:18:56,32.16278,64.63844,21.33852,406.9936,93.1767
2020-08-15 15:41:00,32.1807,52.95214,21.25904,409.6453,93.17815
2020-08-15 15:41:02,32.1807,56.23883,21.25904,409.9999,93.18361
2020-08-15 15:41:04,32.22997,54.04771,21.27268,409.2362,93.18361
2020-08-15 15:41:06,32.20186,54.04771,21.28632,409.7271,93.17815
2020-08-15 15:41:08,32.29097,54.77808,21.29995,408.6362,93.17815
2020-08-15 15:54:56,31.89297,50.39487,21.05214,406.1208,93.18213
2020-08-15 15:54:58,31.91112,50.76005,21.05214,405.7391,93.19304
2020-08-15 15:55:00,31.91112,50.39487,21.09304,405.5755,93.17667
2020-08-15 15:55:02,31.93577,52.58595,21.12031,406.7208,93.18213
2020-08-15 15:55:04,31.95047,49.29933,21.14758,405.8209,93.18213
2020-08-15 16:17:22,30.71652,53.31617,21.99462,403.8616,93.17768
2020-08-15 16:17:24,30.72139,50.75991,21.91281,403.9161,93.18859
2020-08-15 16:17:26,30.82844,66.09744,21.85826,403.4252,93.18314
2020-08-15 16:17:28,30.84005,79.2439,21.83099,404.0525,93.18314
2020-08-15 16:17:30,30.82844,65.00191,21.81735,403.8343,93.17768
2020-08-15 16:25:56,30.7376,52.58573,21.35397,404.4622,93.17783
2020-08-15 16:25:58,30.72892,48.56876,21.3267,403.6713,93.17783
2020-08-15 16:26:00,30.70596,53.68126,21.31306,404.0531,93.17783
2020-08-15 16:26:02,30.64347,44.5518,21.31306,403.9713,93.17783
2020-08-15 16:26:04,30.66653,46.37769,21.27215,404.1076,93.17783
2020-08-15 16:59:18,29.80358,38.70834,21.88335,405.0288,93.16546
2020-08-15 16:59:20,29.7606,38.34316,21.86972,403.4199,93.16546
2020-08-15 16:59:22,29.75059,37.97799,21.85608,403.8289,93.16
2020-08-15 16:59:24,29.69282,37.97799,21.85608,404.7834,93.16546
2020-08-15 16:59:26,29.66805,37.97799,21.84245,404.4289,93.16546
2020-08-15 17:07:16,29.44793,35.05655,22.0234,404.0562,93.16768
2020-08-15 17:07:18,29.46156,34.69138,22.07795,404.2744,93.16768
2020-08-15 17:07:20,29.48922,34.3262,22.0234,402.638,93.16768
2020-08-15 17:07:22,29.48096,35.05655,22.03704,403.6744,93.15677
2020-08-15 17:07:24,29.49458,33.96103,22.0234,403.2107,93.16768
2020-08-15 17:43:26,28.54771,23.00532,22.62059,404.2676,93.18239
2020-08-15 17:43:28,28.5112,23.00532,22.62059,404.7312,93.17693
2020-08-15 17:43:30,28.50634,23.00532,22.62059,404.104,93.17693
2020-08-15 17:43:32,28.46645,22.27499,22.59332,404.2403,93.17693
2020-08-15 17:43:34,28.45987,22.64015,22.60695,405.0857,93.17693
2020-08-15 18:03:30,26.83855,10.58954,26.13969,403.343,93.19939
2020-08-15 18:34:20,25.34496,-1.095395,26.63116,404.8714,93.21059
2020-08-15 18:34:22,25.32666,-1.460527,26.61753,404.5441,93.21059
2020-08-15 18:34:24,25.31,-0.7302633,26.63116,403.5623,93.21059
2020-08-15 18:55:48,24.56159,-1.095332,28.11592,403.123,93.24258
2020-08-15 18:55:50,24.61147,-1.825564,28.1151,404.3759,93.23673
2020-08-15 18:55:52,24.56307,-2.190677,28.14237,403.6123,93.24219
2020-08-15 18:55:54,24.61982,-1.460451,28.1151,403.3123,93.23128
2020-08-15 18:55:56,24.56815,-1.825564,28.10147,403.585,93.23128
2020-08-15 19:04:40,24.36479,-2.190635,28.71625,403.6146,93.2482
2020-08-15 19:04:42,24.33484,-2.555741,28.70262,403.3146,93.24274
2020-08-15 19:04:44,24.36316,-2.190635,28.68898,405.3599,93.2482
2020-08-15 19:04:46,24.31144,-2.555741,28.68898,404.0509,93.24274
2020-08-15 19:04:48,24.3265,-2.190635,28.68898,403.6418,93.24274
2020-08-15 19:06:50,24.24145,-1.825526,28.6082,404.4074,93.24323
2020-08-15 19:06:52,24.24307,-2.190632,28.58093,404.3801,93.25414
2020-08-15 19:06:54,24.2331,-2.920842,28.58093,404.4892,93.24868
2020-08-15 19:06:56,24.22476,-2.555737,28.58093,404.4892,93.25414
2020-08-15 19:06:58,24.17974,-3.285948,28.59457,404.3801,93.24868
2020-08-15 19:07:00,24.20641,-3.285948,28.58093,404.8438,93.25414
2020-08-15 19:07:02,24.20625,-2.92083,28.58176,403.9999,93.24906
2020-08-15 19:07:04,24.18955,-2.92083,28.56812,404.2453,93.25452
2020-08-15 19:07:06,24.24457,-1.460415,28.60903,403.9726,93.24906
2020-08-15 19:07:08,24.26126,-1.825519,28.62267,404.1908,93.25997
2020-08-15 19:10:28,24.19813,-2.555712,28.58047,403.3975,93.24301
2020-08-15 19:10:30,24.2348,-2.555712,28.58047,403.3975,93.25392
2020-08-15 19:10:32,24.17309,-3.285915,28.59411,403.2066,93.24847
2020-08-15 19:10:34,24.22645,-3.285915,28.58047,402.9884,93.24301
2020-08-15 19:10:36,24.15472,-2.920814,28.62138,404.2702,93.25392
2020-08-15 19:13:06,24.09516,-2.555706,28.71653,404.3242,93.25378
2020-08-15 19:13:08,24.09516,-2.920807,28.68926,403.8878,93.24287
2020-08-15 19:13:10,24.05687,-2.920807,28.67562,403.5605,93.24287
2020-08-15 19:13:12,24.07847,-3.285908,28.7029,403.8333,93.24287
2020-08-15 19:13:14,24.07847,-3.651009,28.67562,404.4878,93.25378
2020-08-15 19:21:36,23.97377,-2.920691,28.39091,404.3273,93.26546
2020-08-15 19:21:38,23.94706,-2.920691,28.39091,404.7636,93.25455
2020-08-15 19:21:40,23.94377,-2.920691,28.40454,405.3636,93.25455
2020-08-15 19:21:42,23.98047,-2.920691,28.40454,403.0727,93.25999
2020-08-15 19:21:44,24.01713,-3.285778,28.40454,404.1364,93.25455
2020-08-15 19:40:50,23.63211,-2.920711,27.37848,407.593,93.26384
2020-08-15 19:40:52,23.61376,-2.920711,27.37848,407.8112,93.26384
2020-08-15 19:40:54,23.60704,-2.190533,27.32395,406.9113,93.26384
2020-08-15 19:40:56,23.59033,-2.190533,27.36485,407.593,93.26384
2020-08-15 19:40:58,23.56706,-2.190533,27.33758,407.2112,93.25838
2020-08-15 19:42:36,23.56244,-2.55562,27.24156,407.4282,93.26356
2020-08-15 19:42:38,23.57748,-2.920708,27.21429,407.7281,93.26356
2020-08-15 19:42:40,23.54405,-2.55562,27.22793,407.4554,93.26356
2020-08-15 19:42:42,23.54405,-2.190531,27.24156,408.6825,93.26356
2020-08-15 19:42:44,23.56077,-2.920708,27.18703,407.5099,93.26356
2020-08-15 19:57:46,23.31766,-3.285691,27.23077,411.9885,93.27586
2020-08-15 19:57:48,23.31137,-3.285691,27.21713,412.4249,93.27586
2020-08-15 19:57:50,23.29104,-4.015845,27.21713,411.8249,93.28131
2020-08-15 19:57:52,23.30776,-3.650768,27.21713,411.6067,93.28676
2020-08-15 19:57:54,23.32602,-3.650768,27.21713,411.9067,93.28676
2020-08-15 20:17:58,22.78642,-2.920438,26.65875,413.0537,93.29801
2020-08-15 20:18:00,22.83823,-3.650548,26.69966,412.8901,93.29801
2020-08-15 20:18:02,22.78327,-2.920438,26.69966,414.0083,93.29256
2020-08-15 20:18:04,22.83664,-3.285493,26.67238,412.9992,93.29801
2020-08-15 20:18:06,22.83508,-2.920438,26.67238,412.9719,93.29256
2020-08-15 20:18:26,22.86018,-3.285493,26.67238,413.5174,93.29801
2020-08-15 20:18:28,22.82671,-3.285493,26.65875,413.1628,93.29801
2020-08-15 20:18:30,22.86333,-3.650548,26.65875,413.9265,93.29801
2020-08-15 20:18:32,22.86559,-3.650548,26.67238,413.7901,93.29801
2020-08-15 20:18:34,22.8586,-2.920438,26.64511,413.981,93.29256
2020-08-15 20:54:36,22.09923,-3.285256,25.57862,408.929,93.28561
2020-08-15 20:54:38,22.07408,-2.920228,25.59225,410.4833,93.28561
2020-08-15 20:54:40,22.0657,-2.920228,25.60589,409.5835,93.28561
2020-08-15 20:54:42,22.07093,-2.920228,25.59225,409.8834,93.29106
2020-08-15 20:54:44,22.03057,-3.285256,25.60589,411.1651,93.29106
2020-08-15 21:25:36,21.6057,-1.46007,21.18958,409.7508,93.28098
2020-08-15 21:25:38,21.59042,-1.825087,21.16231,410.5144,93.28644
2020-08-15 21:25:40,21.60329,-1.825087,21.13504,410.1053,93.28644
2020-08-15 21:25:42,21.61253,-1.46007,21.17595,410.1599,93.28644
2020-08-15 21:25:44,21.61253,-1.825087,21.1214,410.0235,93.28098
2020-08-15 21:40:46,21.41722,-1.460059,20.01503,409.4997,93.28518
2020-08-15 21:40:48,21.44084,-0.7300295,19.97413,410.1542,93.27972
2020-08-15 21:40:50,21.49423,-2.190088,20.01503,411.1086,93.28518
2020-08-15 21:40:52,21.50262,-1.825074,20.02866,410.5086,93.28518
2020-08-15 21:40:54,21.54153,-1.825074,20.01503,410.0178,93.28518
2020-08-15 21:50:32,21.6344,-0.3650165,18.81433,409.3606,93.27365
2020-08-15 21:50:34,21.6344,-0.3650165,18.77343,410.015,93.27365
2020-08-15 21:50:36,21.65047,-0.3650165,18.77343,409.9059,93.27365
2020-08-15 21:50:38,21.65886,-0.3650165,18.77343,409.9332,93.27365
2020-08-15 21:50:40,21.62531,-1.095049,18.77343,409.0879,93.28455
2020-08-15 22:01:46,21.00584,-1.09504,18.48973,409.9689,93.28643
2020-08-15 22:01:48,21.03255,-1.460054,18.517,409.9962,93.27552
2020-08-15 22:01:50,20.97762,-1.09504,18.517,411.687,93.28643
2020-08-15 22:01:52,21.02355,-0.3650134,18.48973,411.0052,93.28098
2020-08-15 22:01:54,20.98064,-1.825067,18.517,410.8689,93.27552
2020-08-15 22:25:08,20.79532,-0.7299964,16.87942,410.6732,93.27993
2020-08-15 22:25:10,20.7667,0.3649982,16.89305,412.1184,93.27448
2020-08-15 22:25:12,20.73888,-1.459993,16.89305,412.0366,93.27993
2020-08-15 22:25:14,20.79923,-0.3649982,16.85215,411.3549,93.27993
2020-08-15 22:25:16,20.79382,0.0,16.83851,410.9731,93.27448
2020-08-15 22:31:08,21.10585,0.0,15.02787,410.8752,93.26598
2020-08-15 22:31:10,21.14784,0.0,15.02787,409.4569,93.26598
2020-08-15 22:31:12,21.17303,0.0,15.02787,409.7297,93.27689
2020-08-15 22:31:14,21.19427,0.0,15.02787,409.6751,93.27689
2020-08-15 22:31:16,21.14602,-0.3649923,15.04151,410.2479,93.26598
2020-08-15 22:40:48,20.95866,-1.094995,14.03102,410.3238,93.26469
2020-08-15 22:40:50,20.96706,-1.094995,14.04465,410.7874,93.25925
2020-08-15 22:40:52,20.97545,-1.459993,14.01738,410.5965,93.26469
2020-08-15 22:40:54,20.99225,0.0,13.9492,409.9966,93.26469
2020-08-15 22:40:56,21.01197,-0.3649982,13.92193,411.4692,93.26469
2020-08-15 23:00:32,20.4699,0.3649858,13.38936,409.7203,93.26392
2020-08-15 23:00:34,20.47134,0.7299715,13.37572,411.0838,93.25301
2020-08-15 23:00:36,20.47125,0.0,13.38936,410.2657,93.25846
2020-08-15 23:00:38,20.4431,0.0,13.38936,410.593,93.25846
2020-08-15 23:00:40,20.46294,-0.7299715,13.40299,409.8022,93.25301
2020-08-15 23:03:46,20.32077,0.3649817,13.49813,409.9917,93.24726
2020-08-15 23:03:48,20.31236,0.0,13.51177,409.7736,93.25816
2020-08-15 23:03:50,20.31088,0.0,13.49813,410.1008,93.26362
2020-08-15 23:03:52,20.34748,-0.7299634,13.49813,409.3372,93.25272
2020-08-15 23:03:54,20.32908,-0.3649817,13.49813,410.7552,93.25272
2020-08-15 23:13:38,20.14821,0.0,13.77327,410.6024,93.25507
2020-08-15 23:13:40,20.12153,-0.7299607,13.78691,410.7933,93.25507
2020-08-15 23:13:42,20.08643,-0.7299607,13.71872,410.466,93.25507
2020-08-15 23:13:44,20.11311,-0.7299607,13.73236,409.9205,93.25507
2020-08-15 23:13:46,20.06819,-0.7299607,13.69145,409.7842,93.25507
2020-08-15 23:23:42,20.06983,0.3649731,12.80365,410.214,93.25362
